district,taluk,crop_name,season,historical_avg_yield,current_yield,yield_loss_pct
Bagalkot,,Rice,Kharif,,3394.0,
Bagalkot,,Rice,Rabi,,2842.0,
Bagalkot,,Rice,Total,,3020.0,
Bagalkot,,Wheat,Rabi,,1196.0,
Bagalkot,,Wheat,Total,,1196.0,
Bagalkot,,Maize,Kharif,,4190.0,
Bagalkot,,Maize,Rabi,,3683.0,
Bagalkot,,Maize,Summer,,5499.0,
Bagalkot,,Maize,Total,,4193.0,
Bagalkot,,Jowar,Kharif,,2616.0,
Bagalkot,,Jowar,Rabi,,1227.0,
Bagalkot,,Jowar,Total,,1301.0,
Bagalkot,,Bajra,Kharif,,1691.0,
Bagalkot,,Bajra,Total,,1691.0,
Bagalkot,,Ragi,Kharif,,1482.0,
Bagalkot,,Ragi,Total,,1482.0,
Bagalkot,,Small Millets,Kharif,,426.0,
Bagalkot,,Small Millets,Total,,426.0,
Bagalkot,,Shree Anna /Nutri Cereals,Kharif,,1783.0,
Bagalkot,,Shree Anna /Nutri Cereals,Rabi,,1227.0,
Bagalkot,,Shree Anna /Nutri Cereals,Total,,1415.0,
Bagalkot,,Nutri/Coarse Cereals,Kharif,,3601.0,
Bagalkot,,Nutri/Coarse Cereals,Rabi,,1961.0,
Bagalkot,,Nutri/Coarse Cereals,Summer,,5499.0,
Bagalkot,,Nutri/Coarse Cereals,Total,,3055.0,
Bagalkot,,Cereals,Kharif,,3601.0,
Bagalkot,,Cereals,Rabi,,1673.0,
Bagalkot,,Cereals,Summer,,5499.0,
Bagalkot,,Cereals,Total,,2702.0,
Bagalkot,,Tur,Kharif,,805.0,
Bagalkot,,Tur,Total,,805.0,
Bagalkot,,Gram,Rabi,,590.0,
Bagalkot,,Gram,Total,,590.0,
Bagalkot,,Urad,Kharif,,454.0,
Bagalkot,,Urad,Rabi,,429.0,
Bagalkot,,Urad,Total,,454.0,
Bagalkot,,Moong,Kharif,,211.0,
Bagalkot,,Moong,Rabi,,299.0,
Bagalkot,,Moong,Total,,211.0,
Bagalkot,,Other Pulses,Kharif,,326.0,
Bagalkot,,Other Pulses,Rabi,,446.0,
Bagalkot,,Other Pulses,Total,,385.0,
Bagalkot,,Total Pulses,Total,,598.0,
Bagalkot,,Total Food Grains,Kharif,,1869.0,
Bagalkot,,Total Food Grains,Rabi,,1395.0,
Bagalkot,,Total Food Grains,Summer,,5499.0,
Bagalkot,,Total Food Grains,Total,,1767.0,
Bellary,,Rice,Kharif,,4113.0,
Bellary,,Rice,Rabi,,2842.0,
Bellary,,Rice,Summer,,3684.0,
Bellary,,Rice,Total,,3954.0,
Bellary,,Wheat,Rabi,,1255.0,
Bellary,,Wheat,Total,,1255.0,
Bellary,,Maize,Kharif,,3688.0,
Bellary,,Maize,Rabi,,4499.0,
Bellary,,Maize,Summer,,4328.0,
Bellary,,Maize,Total,,3849.0,
Bellary,,Jowar,Kharif,,3362.0,
Bellary,,Jowar,Rabi,,2823.0,
Bellary,,Jowar,Total,,3028.0,
Bellary,,Bajra,Kharif,,1676.0,
Bellary,,Bajra,Total,,1676.0,
Bellary,,Ragi,Kharif,,1366.0,
Bellary,,Ragi,Total,,1366.0,
Bellary,,Small Millets,Kharif,,513.0,
Bellary,,Small Millets,Total,,513.0,
Bellary,,Shree Anna /Nutri Cereals,Kharif,,2495.0,
Bellary,,Shree Anna /Nutri Cereals,Rabi,,2823.0,
Bellary,,Shree Anna /Nutri Cereals,Total,,2660.0,
Bellary,,Nutri/Coarse Cereals,Kharif,,3203.0,
Bellary,,Nutri/Coarse Cereals,Rabi,,3230.0,
Bellary,,Nutri/Coarse Cereals,Summer,,4328.0,
Bellary,,Nutri/Coarse Cereals,Total,,3226.0,
Bellary,,Cereals,Kharif,,3810.0,
Bellary,,Cereals,Rabi,,3223.0,
Bellary,,Cereals,Summer,,3694.0,
Bellary,,Cereals,Total,,3713.0,
Bellary,,Tur,Kharif,,682.0,
Bellary,,Tur,Total,,682.0,
Bellary,,Gram,Rabi,,801.0,
Bellary,,Gram,Total,,801.0,
Bellary,,Urad,Kharif,,590.0,
Bellary,,Urad,Rabi,,429.0,
Bellary,,Urad,Total,,468.0,
Bellary,,Moong,Kharif,,430.0,
Bellary,,Moong,Rabi,,299.0,
Bellary,,Moong,Total,,399.0,
Bellary,,Other Pulses,Kharif,,595.0,
Bellary,,Other Pulses,Rabi,,485.0,
Bellary,,Other Pulses,Total,,537.0,
Bellary,,Total Pulses,Total,,708.0,
Bellary,,Total Food Grains,Kharif,,3529.0,
Bellary,,Total Food Grains,Rabi,,2764.0,
Bellary,,Total Food Grains,Summer,,3694.0,
Bellary,,Total Food Grains,Total,,3465.0,
Belagavi,,Rice,Kharif,,2561.0,
Belagavi,,Rice,Rabi,,2842.0,
Belagavi,,Rice,Summer,,3245.0,
Belagavi,,Rice,Total,,2562.0,
Belagavi,,Wheat,Rabi,,1592.0,
Belagavi,,Wheat,Total,,1592.0,
Belagavi,,Maize,Kharif,,4143.0,
Belagavi,,Maize,Rabi,,3942.0,
Belagavi,,Maize,Summer,,4362.0,
Belagavi,,Maize,Total,,4091.0,
Belagavi,,Jowar,Kharif,,1913.0,
Belagavi,,Jowar,Rabi,,1137.0,
Belagavi,,Jowar,Total,,1174.0,
Belagavi,,Bajra,Kharif,,1320.0,
Belagavi,,Bajra,Total,,1320.0,
Belagavi,,Ragi,Kharif,,1124.0,
Belagavi,,Ragi,Total,,1124.0,
Belagavi,,Small Millets,Kharif,,605.0,
Belagavi,,Small Millets,Total,,605.0,
Belagavi,,Shree Anna /Nutri Cereals,Kharif,,1629.0,
Belagavi,,Shree Anna /Nutri Cereals,Rabi,,1137.0,
Belagavi,,Shree Anna /Nutri Cereals,Total,,1178.0,
Belagavi,,Nutri/Coarse Cereals,Kharif,,3947.0,
Belagavi,,Nutri/Coarse Cereals,Rabi,,2143.0,
Belagavi,,Nutri/Coarse Cereals,Summer,,4362.0,
Belagavi,,Nutri/Coarse Cereals,Total,,2965.0,
Belagavi,,Cereals,Kharif,,3605.0,
Belagavi,,Cereals,Rabi,,2038.0,
Belagavi,,Cereals,Summer,,4359.0,
Belagavi,,Cereals,Total,,2780.0,
Belagavi,,Tur,Kharif,,462.0,
Belagavi,,Tur,Total,,462.0,
Belagavi,,Gram,Rabi,,747.0,
Belagavi,,Gram,Total,,747.0,
Belagavi,,Urad,Kharif,,575.0,
Belagavi,,Urad,Rabi,,429.0,
Belagavi,,Urad,Total,,572.0,
Belagavi,,Moong,Kharif,,407.0,
Belagavi,,Moong,Rabi,,299.0,
Belagavi,,Moong,Total,,407.0,
Belagavi,,Other Pulses,Kharif,,708.0,
Belagavi,,Other Pulses,Rabi,,705.0,
Belagavi,,Other Pulses,Total,,705.0,
Belagavi,,Total Pulses,Total,,576.0,
Belagavi,,Total Food Grains,Kharif,,2533.0,
Belagavi,,Total Food Grains,Rabi,,1737.0,
Belagavi,,Total Food Grains,Summer,,4359.0,
Belagavi,,Total Food Grains,Total,,2165.0,
Bengaluru Rural,,Rice,Kharif,,2911.0,
Bengaluru Rural,,Rice,Rabi,,2842.0,
Bengaluru Rural,,Rice,Summer,,3245.0,
Bengaluru Rural,,Rice,Total,,2921.0,
Bengaluru Rural,,Maize,Kharif,,3224.0,
Bengaluru Rural,,Maize,Rabi,,3584.0,
Bengaluru Rural,,Maize,Summer,,4328.0,
Bengaluru Rural,,Maize,Total,,3264.0,
Bengaluru Rural,,Jowar,Kharif,,1982.0,
Bengaluru Rural,,Jowar,Rabi,,1113.0,
Bengaluru Rural,,Jowar,Total,,1892.0,
Bengaluru Rural,,Bajra,Kharif,,1290.0,
Bengaluru Rural,,Bajra,Total,,1290.0,
Bengaluru Rural,,Ragi,Kharif,,2109.0,
Bengaluru Rural,,Ragi,Total,,2109.0,
Bengaluru Rural,,Small Millets,Kharif,,1405.0,
Bengaluru Rural,,Small Millets,Total,,1405.0,
Bengaluru Rural,,Shree Anna /Nutri Cereals,Kharif,,2107.0,
Bengaluru Rural,,Shree Anna /Nutri Cereals,Rabi,,1113.0,
Bengaluru Rural,,Shree Anna /Nutri Cereals,Total,,2106.0,
Bengaluru Rural,,Nutri/Coarse Cereals,Kharif,,2177.0,
Bengaluru Rural,,Nutri/Coarse Cereals,Rabi,,2479.0,
Bengaluru Rural,,Nutri/Coarse Cereals,Summer,,4328.0,
Bengaluru Rural,,Nutri/Coarse Cereals,Total,,2181.0,
Bengaluru Rural,,Cereals,Kharif,,2178.0,
Bengaluru Rural,,Cereals,Rabi,,2483.0,
Bengaluru Rural,,Cereals,Summer,,4292.0,
Bengaluru Rural,,Cereals,Total,,2183.0,
Bengaluru Rural,,Tur,Kharif,,1087.0,
Bengaluru Rural,,Tur,Total,,1087.0,
Bengaluru Rural,,Gram,Rabi,,596.0,
Bengaluru Rural,,Gram,Total,,596.0,
Bengaluru Rural,,Urad,Kharif,,590.0,
Bengaluru Rural,,Urad,Total,,590.0,
Bengaluru Rural,,Moong,Kharif,,430.0,
Bengaluru Rural,,Moong,Total,,430.0,
Bengaluru Rural,,Other Pulses,Kharif,,867.0,
Bengaluru Rural,,Other Pulses,Rabi,,718.0,
Bengaluru Rural,,Other Pulses,Total,,848.0,
Bengaluru Rural,,Total Pulses,Total,,915.0,
Bengaluru Rural,,Total Food Grains,Kharif,,2152.0,
Bengaluru Rural,,Total Food Grains,Rabi,,1646.0,
Bengaluru Rural,,Total Food Grains,Summer,,4292.0,
Bengaluru Rural,,Total Food Grains,Total,,2153.0,
Bengaluru South,,Rice,Kharif,,2885.0,
Bengaluru South,,Rice,Rabi,,2842.0,
Bengaluru South,,Rice,Summer,,3594.0,
Bengaluru South,,Rice,Total,,2886.0,
Bengaluru South,,Maize,Kharif,,3336.0,
Bengaluru South,,Maize,Rabi,,3584.0,
Bengaluru South,,Maize,Summer,,4328.0,
Bengaluru South,,Maize,Total,,3407.0,
Bengaluru South,,Jowar,Kharif,,1982.0,
Bengaluru South,,Jowar,Rabi,,1113.0,
Bengaluru South,,Jowar,Total,,1765.0,
Bengaluru South,,Bajra,Kharif,,1290.0,
Bengaluru South,,Bajra,Total,,1290.0,
Bengaluru South,,Ragi,Kharif,,1596.0,
Bengaluru South,,Ragi,Total,,1596.0,
Bengaluru South,,Small Millets,Kharif,,552.0,
Bengaluru South,,Small Millets,Total,,552.0,
Bengaluru South,,Shree Anna /Nutri Cereals,Kharif,,1601.0,
Bengaluru South,,Shree Anna /Nutri Cereals,Rabi,,1113.0,
Bengaluru South,,Shree Anna /Nutri Cereals,Total,,1598.0,
Bengaluru South,,Nutri/Coarse Cereals,Kharif,,1636.0,
Bengaluru South,,Nutri/Coarse Cereals,Rabi,,2512.0,
Bengaluru South,,Nutri/Coarse Cereals,Summer,,4328.0,
Bengaluru South,,Nutri/Coarse Cereals,Total,,1646.0,
Bengaluru South,,Cereals,Kharif,,1691.0,
Bengaluru South,,Cereals,Rabi,,2526.0,
Bengaluru South,,Cereals,Summer,,4139.0,
Bengaluru South,,Cereals,Total,,1700.0,
Bengaluru South,,Tur,Kharif,,757.0,
Bengaluru South,,Tur,Total,,757.0,
Bengaluru South,,Urad,Kharif,,590.0,
Bengaluru South,,Urad,Total,,590.0,
Bengaluru South,,Moong,Kharif,,430.0,
Bengaluru South,,Moong,Total,,430.0,
Bengaluru South,,Other Pulses,Kharif,,827.0,
Bengaluru South,,Other Pulses,Rabi,,1048.0,
Bengaluru South,,Other Pulses,Total,,854.0,
Bengaluru South,,Total Pulses,Total,,844.0,
Bengaluru South,,Total Food Grains,Kharif,,1577.0,
Bengaluru South,,Total Food Grains,Rabi,,1580.0,
Bengaluru South,,Total Food Grains,Summer,,4139.0,
Bengaluru South,,Total Food Grains,Total,,1578.0,
Bengaluru Urban,,Rice,Kharif,,3030.0,
Bengaluru Urban,,Rice,Total,,3030.0,
Bengaluru Urban,,Maize,Kharif,,3932.0,
Bengaluru Urban,,Maize,Total,,3932.0,
Bengaluru Urban,,Jowar,Kharif,,1982.0,
Bengaluru Urban,,Jowar,Total,,1982.0,
Bengaluru Urban,,Bajra,Kharif,,1290.0,
Bengaluru Urban,,Bajra,Total,,1290.0,
Bengaluru Urban,,Ragi,Kharif,,1851.0,
Bengaluru Urban,,Ragi,Total,,1851.0,
Bengaluru Urban,,Small Millets,Kharif,,1830.0,
Bengaluru Urban,,Small Millets,Total,,1830.0,
Bengaluru Urban,,Shree Anna /Nutri Cereals,Kharif,,1855.0,
Bengaluru Urban,,Shree Anna /Nutri Cereals,Total,,1855.0,
Bengaluru Urban,,Nutri/Coarse Cereals,Kharif,,1919.0,
Bengaluru Urban,,Nutri/Coarse Cereals,Total,,1919.0,
Bengaluru Urban,,Cereals,Kharif,,1930.0,
Bengaluru Urban,,Cereals,Total,,1930.0,
Bengaluru Urban,,Tur,Kharif,,572.0,
Bengaluru Urban,,Tur,Total,,572.0,
Bengaluru Urban,,Urad,Kharif,,590.0,
Bengaluru Urban,,Urad,Total,,590.0,
Bengaluru Urban,,Moong,Kharif,,430.0,
Bengaluru Urban,,Moong,Total,,430.0,
Bengaluru Urban,,Other Pulses,Kharif,,717.0,
Bengaluru Urban,,Other Pulses,Total,,717.0,
Bengaluru Urban,,Total Pulses,Total,,663.0,
Bengaluru Urban,,Total Food Grains,Kharif,,1858.0,
Bengaluru Urban,,Total Food Grains,Total,,1858.0,
Bidar,,Rice,Kharif,,1703.0,
Bidar,,Rice,Total,,1703.0,
Bidar,,Wheat,Rabi,,944.0,
Bidar,,Wheat,Total,,944.0,
Bidar,,Maize,Kharif,,2466.0,
Bidar,,Maize,Rabi,,3584.0,
Bidar,,Maize,Summer,,4328.0,
Bidar,,Maize,Total,,3695.0,
Bidar,,Jowar,Kharif,,1087.0,
Bidar,,Jowar,Rabi,,744.0,
Bidar,,Jowar,Total,,744.0,
Bidar,,Bajra,Kharif,,588.0,
Bidar,,Bajra,Total,,588.0,
Bidar,,Small Millets,Kharif,,994.0,
Bidar,,Small Millets,Total,,994.0,
Bidar,,Shree Anna /Nutri Cereals,Kharif,,964.0,
Bidar,,Shree Anna /Nutri Cereals,Rabi,,744.0,
Bidar,,Shree Anna /Nutri Cereals,Total,,744.0,
Bidar,,Nutri/Coarse Cereals,Kharif,,1170.0,
Bidar,,Nutri/Coarse Cereals,Rabi,,750.0,
Bidar,,Nutri/Coarse Cereals,Summer,,4328.0,
Bidar,,Nutri/Coarse Cereals,Total,,755.0,
Bidar,,Cereals,Kharif,,1657.0,
Bidar,,Cereals,Rabi,,785.0,
Bidar,,Cereals,Summer,,4328.0,
Bidar,,Cereals,Total,,806.0,
Bidar,,Tur,Kharif,,1255.0,
Bidar,,Tur,Total,,1255.0,
Bidar,,Gram,Rabi,,510.0,
Bidar,,Gram,Total,,510.0,
Bidar,,Urad,Kharif,,698.0,
Bidar,,Urad,Total,,698.0,
Bidar,,Moong,Kharif,,590.0,
Bidar,,Moong,Total,,590.0,
Bidar,,Other Pulses,Kharif,,712.0,
Bidar,,Other Pulses,Rabi,,729.0,
Bidar,,Other Pulses,Total,,718.0,
Bidar,,Total Pulses,Total,,957.0,
Bidar,,Total Food Grains,Kharif,,1079.0,
Bidar,,Total Food Grains,Rabi,,655.0,
Bidar,,Total Food Grains,Summer,,4328.0,
Bidar,,Total Food Grains,Total,,927.0,
Chamarajanagar,,Rice,Kharif,,3310.0,
Chamarajanagar,,Rice,Rabi,,2230.0,
Chamarajanagar,,Rice,Summer,,3072.0,
Chamarajanagar,,Rice,Total,,3243.0,
Chamarajanagar,,Wheat,Rabi,,1255.0,
Chamarajanagar,,Wheat,Total,,1255.0,
Chamarajanagar,,Maize,Kharif,,3452.0,
Chamarajanagar,,Maize,Rabi,,4100.0,
Chamarajanagar,,Maize,Summer,,4328.0,
Chamarajanagar,,Maize,Total,,3689.0,
Chamarajanagar,,Jowar,Kharif,,1098.0,
Chamarajanagar,,Jowar,Rabi,,1113.0,
Chamarajanagar,,Jowar,Total,,1098.0,
Chamarajanagar,,Bajra,Kharif,,1482.0,
Chamarajanagar,,Bajra,Total,,1482.0,
Chamarajanagar,,Ragi,Kharif,,1566.0,
Chamarajanagar,,Ragi,Total,,1566.0,
Chamarajanagar,,Small Millets,Kharif,,1306.0,
Chamarajanagar,,Small Millets,Total,,1306.0,
Chamarajanagar,,Shree Anna /Nutri Cereals,Kharif,,1194.0,
Chamarajanagar,,Shree Anna /Nutri Cereals,Rabi,,1113.0,
Chamarajanagar,,Shree Anna /Nutri Cereals,Total,,1194.0,
Chamarajanagar,,Nutri/Coarse Cereals,Kharif,,2218.0,
Chamarajanagar,,Nutri/Coarse Cereals,Rabi,,4082.0,
Chamarajanagar,,Nutri/Coarse Cereals,Summer,,4328.0,
Chamarajanagar,,Nutri/Coarse Cereals,Total,,2553.0,
Chamarajanagar,,Cereals,Kharif,,2393.0,
Chamarajanagar,,Cereals,Rabi,,4001.0,
Chamarajanagar,,Cereals,Summer,,3937.0,
Chamarajanagar,,Cereals,Total,,2670.0,
Chamarajanagar,,Tur,Kharif,,798.0,
Chamarajanagar,,Tur,Total,,798.0,
Chamarajanagar,,Gram,Rabi,,772.0,
Chamarajanagar,,Gram,Total,,772.0,
Chamarajanagar,,Urad,Kharif,,169.0,
Chamarajanagar,,Urad,Rabi,,429.0,
Chamarajanagar,,Urad,Total,,171.0,
Chamarajanagar,,Moong,Kharif,,137.0,
Chamarajanagar,,Moong,Rabi,,299.0,
Chamarajanagar,,Moong,Total,,145.0,
Chamarajanagar,,Other Pulses,Kharif,,795.0,
Chamarajanagar,,Other Pulses,Rabi,,712.0,
Chamarajanagar,,Other Pulses,Total,,728.0,
Chamarajanagar,,Total Pulses,Total,,700.0,
Chamarajanagar,,Total Food Grains,Kharif,,2270.0,
Chamarajanagar,,Total Food Grains,Rabi,,1542.0,
Chamarajanagar,,Total Food Grains,Summer,,3937.0,
Chamarajanagar,,Total Food Grains,Total,,2267.0,
Chikkaballapur,,Rice,Kharif,,2880.0,
Chikkaballapur,,Rice,Rabi,,2842.0,
Chikkaballapur,,Rice,Summer,,1798.0,
Chikkaballapur,,Rice,Total,,2666.0,
Chikkaballapur,,Maize,Kharif,,2300.0,
Chikkaballapur,,Maize,Rabi,,2498.0,
Chikkaballapur,,Maize,Summer,,4328.0,
Chikkaballapur,,Maize,Total,,2407.0,
Chikkaballapur,,Jowar,Kharif,,1982.0,
Chikkaballapur,,Jowar,Rabi,,1113.0,
Chikkaballapur,,Jowar,Total,,1625.0,
Chikkaballapur,,Bajra,Kharif,,1290.0,
Chikkaballapur,,Bajra,Total,,1290.0,
Chikkaballapur,,Ragi,Kharif,,1419.0,
Chikkaballapur,,Ragi,Total,,1419.0,
Chikkaballapur,,Small Millets,Kharif,,865.0,
Chikkaballapur,,Small Millets,Total,,865.0,
Chikkaballapur,,Shree Anna /Nutri Cereals,Kharif,,1425.0,
Chikkaballapur,,Shree Anna /Nutri Cereals,Rabi,,1113.0,
Chikkaballapur,,Shree Anna /Nutri Cereals,Total,,1422.0,
Chikkaballapur,,Nutri/Coarse Cereals,Kharif,,1917.0,
Chikkaballapur,,Nutri/Coarse Cereals,Rabi,,2378.0,
Chikkaballapur,,Nutri/Coarse Cereals,Summer,,4328.0,
Chikkaballapur,,Nutri/Coarse Cereals,Total,,2003.0,
Chikkaballapur,,Cereals,Kharif,,1931.0,
Chikkaballapur,,Cereals,Rabi,,2419.0,
Chikkaballapur,,Cereals,Summer,,3995.0,
Chikkaballapur,,Cereals,Total,,2017.0,
Chikkaballapur,,Tur,Kharif,,339.0,
Chikkaballapur,,Tur,Total,,339.0,
Chikkaballapur,,Gram,Rabi,,596.0,
Chikkaballapur,,Gram,Total,,596.0,
Chikkaballapur,,Urad,Kharif,,590.0,
Chikkaballapur,,Urad,Rabi,,429.0,
Chikkaballapur,,Urad,Total,,544.0,
Chikkaballapur,,Moong,Kharif,,430.0,
Chikkaballapur,,Moong,Rabi,,299.0,
Chikkaballapur,,Moong,Total,,406.0,
Chikkaballapur,,Other Pulses,Kharif,,756.0,
Chikkaballapur,,Other Pulses,Rabi,,721.0,
Chikkaballapur,,Other Pulses,Total,,742.0,
Chikkaballapur,,Total Pulses,Total,,597.0,
Chikkaballapur,,Total Food Grains,Kharif,,1811.0,
Chikkaballapur,,Total Food Grains,Rabi,,1729.0,
Chikkaballapur,,Total Food Grains,Summer,,3995.0,
Chikkaballapur,,Total Food Grains,Total,,1864.0,
Chikkamagaluru,,Rice,Kharif,,2748.0,
Chikkamagaluru,,Rice,Rabi,,2842.0,
Chikkamagaluru,,Rice,Summer,,2884.0,
Chikkamagaluru,,Rice,Total,,2755.0,
Chikkamagaluru,,Maize,Kharif,,2828.0,
Chikkamagaluru,,Maize,Rabi,,3584.0,
Chikkamagaluru,,Maize,Summer,,4328.0,
Chikkamagaluru,,Maize,Total,,2898.0,
Chikkamagaluru,,Jowar,Kharif,,1262.0,
Chikkamagaluru,,Jowar,Rabi,,1066.0,
Chikkamagaluru,,Jowar,Total,,1153.0,
Chikkamagaluru,,Bajra,Kharif,,1290.0,
Chikkamagaluru,,Bajra,Total,,1290.0,
Chikkamagaluru,,Ragi,Kharif,,1295.0,
Chikkamagaluru,,Ragi,Total,,1295.0,
Chikkamagaluru,,Small Millets,Kharif,,1077.0,
Chikkamagaluru,,Small Millets,Total,,1077.0,
Chikkamagaluru,,Shree Anna /Nutri Cereals,Kharif,,1287.0,
Chikkamagaluru,,Shree Anna /Nutri Cereals,Rabi,,1066.0,
Chikkamagaluru,,Shree Anna /Nutri Cereals,Total,,1278.0,
Chikkamagaluru,,Nutri/Coarse Cereals,Kharif,,1410.0,
Chikkamagaluru,,Nutri/Coarse Cereals,Rabi,,1467.0,
Chikkamagaluru,,Nutri/Coarse Cereals,Summer,,4328.0,
Chikkamagaluru,,Nutri/Coarse Cereals,Total,,1413.0,
Chikkamagaluru,,Cereals,Kharif,,1569.0,
Chikkamagaluru,,Cereals,Rabi,,1502.0,
Chikkamagaluru,,Cereals,Summer,,2902.0,
Chikkamagaluru,,Cereals,Total,,1573.0,
Chikkamagaluru,,Tur,Kharif,,572.0,
Chikkamagaluru,,Tur,Total,,572.0,
Chikkamagaluru,,Gram,Rabi,,851.0,
Chikkamagaluru,,Gram,Total,,851.0,
Chikkamagaluru,,Urad,Kharif,,272.0,
Chikkamagaluru,,Urad,Total,,272.0,
Chikkamagaluru,,Moong,Kharif,,294.0,
Chikkamagaluru,,Moong,Rabi,,299.0,
Chikkamagaluru,,Moong,Total,,294.0,
Chikkamagaluru,,Other Pulses,Kharif,,917.0,
Chikkamagaluru,,Other Pulses,Rabi,,755.0,
Chikkamagaluru,,Other Pulses,Total,,856.0,
Chikkamagaluru,,Total Pulses,Total,,742.0,
Chikkamagaluru,,Total Food Grains,Kharif,,1522.0,
Chikkamagaluru,,Total Food Grains,Rabi,,1074.0,
Chikkamagaluru,,Total Food Grains,Summer,,2902.0,
Chikkamagaluru,,Total Food Grains,Total,,1481.0,
Chitradurga,,Rice,Kharif,,2669.0,
Chitradurga,,Rice,Rabi,,2044.0,
Chitradurga,,Rice,Summer,,3321.0,
Chitradurga,,Rice,Total,,2611.0,
Chitradurga,,Wheat,Rabi,,708.0,
Chitradurga,,Wheat,Total,,708.0,
Chitradurga,,Maize,Kharif,,3236.0,
Chitradurga,,Maize,Rabi,,3739.0,
Chitradurga,,Maize,Summer,,4543.0,
Chitradurga,,Maize,Total,,3317.0,
Chitradurga,,Jowar,Kharif,,2353.0,
Chitradurga,,Jowar,Rabi,,533.0,
Chitradurga,,Jowar,Total,,1232.0,
Chitradurga,,Bajra,Kharif,,964.0,
Chitradurga,,Bajra,Total,,964.0,
Chitradurga,,Ragi,Kharif,,1211.0,
Chitradurga,,Ragi,Total,,1211.0,
Chitradurga,,Small Millets,Kharif,,1863.0,
Chitradurga,,Small Millets,Total,,1863.0,
Chitradurga,,Shree Anna /Nutri Cereals,Kharif,,1499.0,
Chitradurga,,Shree Anna /Nutri Cereals,Rabi,,533.0,
Chitradurga,,Shree Anna /Nutri Cereals,Total,,1477.0,
Chitradurga,,Nutri/Coarse Cereals,Kharif,,2460.0,
Chitradurga,,Nutri/Coarse Cereals,Rabi,,3352.0,
Chitradurga,,Nutri/Coarse Cereals,Summer,,4543.0,
Chitradurga,,Nutri/Coarse Cereals,Total,,2550.0,
Chitradurga,,Cereals,Kharif,,2461.0,
Chitradurga,,Cereals,Rabi,,3295.0,
Chitradurga,,Cereals,Summer,,4395.0,
Chitradurga,,Cereals,Total,,2549.0,
Chitradurga,,Tur,Kharif,,485.0,
Chitradurga,,Tur,Total,,485.0,
Chitradurga,,Gram,Rabi,,673.0,
Chitradurga,,Gram,Total,,673.0,
Chitradurga,,Urad,Kharif,,590.0,
Chitradurga,,Urad,Total,,590.0,
Chitradurga,,Moong,Kharif,,280.0,
Chitradurga,,Moong,Rabi,,299.0,
Chitradurga,,Moong,Total,,280.0,
Chitradurga,,Other Pulses,Kharif,,642.0,
Chitradurga,,Other Pulses,Rabi,,775.0,
Chitradurga,,Other Pulses,Total,,692.0,
Chitradurga,,Total Pulses,Total,,589.0,
Chitradurga,,Total Food Grains,Kharif,,2205.0,
Chitradurga,,Total Food Grains,Rabi,,1521.0,
Chitradurga,,Total Food Grains,Summer,,4395.0,
Chitradurga,,Total Food Grains,Total,,2093.0,
Dakshina Kannada,,Rice,Kharif,,2864.0,
Dakshina Kannada,,Rice,Rabi,,2685.0,
Dakshina Kannada,,Rice,Summer,,3245.0,
Dakshina Kannada,,Rice,Total,,2848.0,
Dakshina Kannada,,Cereals,Kharif,,2864.0,
Dakshina Kannada,,Cereals,Rabi,,2685.0,
Dakshina Kannada,,Cereals,Summer,,3245.0,
Dakshina Kannada,,Cereals,Total,,2848.0,
Dakshina Kannada,,Other Pulses,Kharif,,393.0,
Dakshina Kannada,,Other Pulses,Rabi,,430.0,
Dakshina Kannada,,Other Pulses,Total,,395.0,
Dakshina Kannada,,Total Pulses,Total,,395.0,
Dakshina Kannada,,Total Food Grains,Kharif,,2863.0,
Dakshina Kannada,,Total Food Grains,Rabi,,2685.0,
Dakshina Kannada,,Total Food Grains,Summer,,3245.0,
Dakshina Kannada,,Total Food Grains,Total,,2847.0,
Davanagere,,Rice,Kharif,,3810.0,
Davanagere,,Rice,Rabi,,2842.0,
Davanagere,,Rice,Summer,,3867.0,
Davanagere,,Rice,Total,,3820.0,
Davanagere,,Wheat,Rabi,,1255.0,
Davanagere,,Wheat,Total,,1255.0,
Davanagere,,Maize,Kharif,,3046.0,
Davanagere,,Maize,Rabi,,3906.0,
Davanagere,,Maize,Summer,,4328.0,
Davanagere,,Maize,Total,,3081.0,
Davanagere,,Jowar,Kharif,,3107.0,
Davanagere,,Jowar,Rabi,,1607.0,
Davanagere,,Jowar,Total,,1749.0,
Davanagere,,Bajra,Kharif,,1657.0,
Davanagere,,Bajra,Total,,1657.0,
Davanagere,,Ragi,Kharif,,1424.0,
Davanagere,,Ragi,Total,,1424.0,
Davanagere,,Small Millets,Kharif,,644.0,
Davanagere,,Small Millets,Total,,644.0,
Davanagere,,Shree Anna /Nutri Cereals,Kharif,,1451.0,
Davanagere,,Shree Anna /Nutri Cereals,Rabi,,1607.0,
Davanagere,,Shree Anna /Nutri Cereals,Total,,1472.0,
Davanagere,,Nutri/Coarse Cereals,Kharif,,2752.0,
Davanagere,,Nutri/Coarse Cereals,Rabi,,2734.0,
Davanagere,,Nutri/Coarse Cereals,Summer,,4328.0,
Davanagere,,Nutri/Coarse Cereals,Total,,2759.0,
Davanagere,,Cereals,Kharif,,3043.0,
Davanagere,,Cereals,Rabi,,2732.0,
Davanagere,,Cereals,Summer,,3874.0,
Davanagere,,Cereals,Total,,3185.0,
Davanagere,,Tur,Kharif,,707.0,
Davanagere,,Tur,Total,,707.0,
Davanagere,,Gram,Rabi,,619.0,
Davanagere,,Gram,Total,,619.0,
Davanagere,,Urad,Kharif,,590.0,
Davanagere,,Urad,Rabi,,429.0,
Davanagere,,Urad,Total,,507.0,
Davanagere,,Moong,Kharif,,430.0,
Davanagere,,Moong,Rabi,,299.0,
Davanagere,,Moong,Total,,404.0,
Davanagere,,Other Pulses,Kharif,,627.0,
Davanagere,,Other Pulses,Rabi,,447.0,
Davanagere,,Other Pulses,Total,,471.0,
Davanagere,,Total Pulses,Total,,583.0,
Davanagere,,Total Food Grains,Kharif,,3018.0,
Davanagere,,Total Food Grains,Rabi,,1707.0,
Davanagere,,Total Food Grains,Summer,,3874.0,
Davanagere,,Total Food Grains,Total,,3081.0,
Dharwad,,Rice,Kharif,,1351.0,
Dharwad,,Rice,Rabi,,2842.0,
Dharwad,,Rice,Summer,,3245.0,
Dharwad,,Rice,Total,,1356.0,
Dharwad,,Wheat,Rabi,,1002.0,
Dharwad,,Wheat,Total,,1002.0,
Dharwad,,Maize,Kharif,,2950.0,
Dharwad,,Maize,Rabi,,4139.0,
Dharwad,,Maize,Summer,,4194.0,
Dharwad,,Maize,Total,,3153.0,
Dharwad,,Jowar,Kharif,,1982.0,
Dharwad,,Jowar,Rabi,,954.0,
Dharwad,,Jowar,Total,,956.0,
Dharwad,,Bajra,Kharif,,1290.0,
Dharwad,,Bajra,Total,,1290.0,
Dharwad,,Ragi,Kharif,,1523.0,
Dharwad,,Ragi,Total,,1523.0,
Dharwad,,Small Millets,Kharif,,1350.0,
Dharwad,,Small Millets,Total,,1350.0,
Dharwad,,Shree Anna /Nutri Cereals,Kharif,,1745.0,
Dharwad,,Shree Anna /Nutri Cereals,Rabi,,954.0,
Dharwad,,Shree Anna /Nutri Cereals,Total,,956.0,
Dharwad,,Nutri/Coarse Cereals,Kharif,,2948.0,
Dharwad,,Nutri/Coarse Cereals,Rabi,,1832.0,
Dharwad,,Nutri/Coarse Cereals,Summer,,4194.0,
Dharwad,,Nutri/Coarse Cereals,Total,,2487.0,
Dharwad,,Cereals,Kharif,,2755.0,
Dharwad,,Cereals,Rabi,,1659.0,
Dharwad,,Cereals,Summer,,4194.0,
Dharwad,,Cereals,Total,,2273.0,
Dharwad,,Tur,Kharif,,1125.0,
Dharwad,,Tur,Total,,1125.0,
Dharwad,,Gram,Rabi,,767.0,
Dharwad,,Gram,Total,,767.0,
Dharwad,,Urad,Kharif,,539.0,
Dharwad,,Urad,Rabi,,429.0,
Dharwad,,Urad,Total,,538.0,
Dharwad,,Moong,Kharif,,672.0,
Dharwad,,Moong,Rabi,,291.0,
Dharwad,,Moong,Total,,660.0,
Dharwad,,Other Pulses,Kharif,,580.0,
Dharwad,,Other Pulses,Rabi,,588.0,
Dharwad,,Other Pulses,Total,,588.0,
Dharwad,,Total Pulses,Total,,710.0,
Dharwad,,Total Food Grains,Kharif,,1327.0,
Dharwad,,Total Food Grains,Rabi,,966.0,
Dharwad,,Total Food Grains,Summer,,4194.0,
Dharwad,,Total Food Grains,Total,,1142.0,
Gadag,,Rice,Kharif,,3106.0,
Gadag,,Rice,Rabi,,2842.0,
Gadag,,Rice,Summer,,1897.0,
Gadag,,Rice,Total,,2652.0,
Gadag,,Wheat,Rabi,,789.0,
Gadag,,Wheat,Total,,789.0,
Gadag,,Maize,Kharif,,2635.0,
Gadag,,Maize,Rabi,,2841.0,
Gadag,,Maize,Summer,,4328.0,
Gadag,,Maize,Total,,2648.0,
Gadag,,Jowar,Kharif,,2080.0,
Gadag,,Jowar,Rabi,,788.0,
Gadag,,Jowar,Total,,799.0,
Gadag,,Bajra,Kharif,,1132.0,
Gadag,,Bajra,Total,,1132.0,
Gadag,,Ragi,Kharif,,1471.0,
Gadag,,Ragi,Total,,1471.0,
Gadag,,Small Millets,Kharif,,499.0,
Gadag,,Small Millets,Total,,499.0,
Gadag,,Shree Anna /Nutri Cereals,Kharif,,1206.0,
Gadag,,Shree Anna /Nutri Cereals,Rabi,,788.0,
Gadag,,Shree Anna /Nutri Cereals,Total,,811.0,
Gadag,,Nutri/Coarse Cereals,Kharif,,2619.0,
Gadag,,Nutri/Coarse Cereals,Rabi,,1235.0,
Gadag,,Nutri/Coarse Cereals,Summer,,4328.0,
Gadag,,Nutri/Coarse Cereals,Total,,2349.0,
Gadag,,Cereals,Kharif,,2631.0,
Gadag,,Cereals,Rabi,,1124.0,
Gadag,,Cereals,Summer,,2083.0,
Gadag,,Cereals,Total,,2237.0,
Gadag,,Tur,Kharif,,768.0,
Gadag,,Tur,Total,,768.0,
Gadag,,Gram,Rabi,,436.0,
Gadag,,Gram,Total,,436.0,
Gadag,,Urad,Kharif,,590.0,
Gadag,,Urad,Rabi,,429.0,
Gadag,,Urad,Total,,557.0,
Gadag,,Moong,Kharif,,329.0,
Gadag,,Moong,Total,,329.0,
Gadag,,Other Pulses,Kharif,,472.0,
Gadag,,Other Pulses,Rabi,,341.0,
Gadag,,Other Pulses,Total,,373.0,
Gadag,,Total Pulses,Total,,387.0,
Gadag,,Total Food Grains,Kharif,,1416.0,
Gadag,,Total Food Grains,Rabi,,578.0,
Gadag,,Total Food Grains,Summer,,2083.0,
Gadag,,Total Food Grains,Total,,1051.0,
Hassan,,Rice,Kharif,,3447.0,
Hassan,,Rice,Rabi,,2842.0,
Hassan,,Rice,Summer,,2776.0,
Hassan,,Rice,Total,,3433.0,
Hassan,,Wheat,Rabi,,1255.0,
Hassan,,Wheat,Total,,1255.0,
Hassan,,Maize,Kharif,,4153.0,
Hassan,,Maize,Rabi,,2870.0,
Hassan,,Maize,Summer,,4328.0,
Hassan,,Maize,Total,,3978.0,
Hassan,,Jowar,Kharif,,1281.0,
Hassan,,Jowar,Rabi,,1113.0,
Hassan,,Jowar,Total,,1254.0,
Hassan,,Bajra,Kharif,,1290.0,
Hassan,,Bajra,Total,,1290.0,
Hassan,,Ragi,Kharif,,1104.0,
Hassan,,Ragi,Total,,1104.0,
Hassan,,Small Millets,Kharif,,425.0,
Hassan,,Small Millets,Total,,425.0,
Hassan,,Shree Anna /Nutri Cereals,Kharif,,1114.0,
Hassan,,Shree Anna /Nutri Cereals,Rabi,,1113.0,
Hassan,,Shree Anna /Nutri Cereals,Total,,1114.0,
Hassan,,Nutri/Coarse Cereals,Kharif,,2465.0,
Hassan,,Nutri/Coarse Cereals,Rabi,,2719.0,
Hassan,,Nutri/Coarse Cereals,Summer,,4328.0,
Hassan,,Nutri/Coarse Cereals,Total,,2487.0,
Hassan,,Cereals,Kharif,,2559.0,
Hassan,,Cereals,Rabi,,2720.0,
Hassan,,Cereals,Summer,,3792.0,
Hassan,,Cereals,Total,,2573.0,
Hassan,,Tur,Kharif,,502.0,
Hassan,,Tur,Total,,502.0,
Hassan,,Gram,Rabi,,736.0,
Hassan,,Gram,Total,,736.0,
Hassan,,Urad,Kharif,,232.0,
Hassan,,Urad,Rabi,,429.0,
Hassan,,Urad,Total,,232.0,
Hassan,,Moong,Kharif,,166.0,
Hassan,,Moong,Rabi,,299.0,
Hassan,,Moong,Total,,171.0,
Hassan,,Other Pulses,Kharif,,442.0,
Hassan,,Other Pulses,Rabi,,699.0,
Hassan,,Other Pulses,Total,,476.0,
Hassan,,Total Pulses,Total,,442.0,
Hassan,,Total Food Grains,Kharif,,2352.0,
Hassan,,Total Food Grains,Rabi,,2367.0,
Hassan,,Total Food Grains,Summer,,3792.0,
Hassan,,Total Food Grains,Total,,2356.0,
Haveri,,Rice,Kharif,,2091.0,
Haveri,,Rice,Rabi,,2842.0,
Haveri,,Rice,Summer,,2307.0,
Haveri,,Rice,Total,,2178.0,
Haveri,,Wheat,Rabi,,677.0,
Haveri,,Wheat,Total,,677.0,
Haveri,,Maize,Kharif,,2620.0,
Haveri,,Maize,Rabi,,3297.0,
Haveri,,Maize,Summer,,3556.0,
Haveri,,Maize,Total,,2756.0,
Haveri,,Jowar,Kharif,,1982.0,
Haveri,,Jowar,Rabi,,845.0,
Haveri,,Jowar,Total,,847.0,
Haveri,,Bajra,Kharif,,1290.0,
Haveri,,Bajra,Total,,1290.0,
Haveri,,Ragi,Kharif,,1416.0,
Haveri,,Ragi,Total,,1416.0,
Haveri,,Small Millets,Kharif,,982.0,
Haveri,,Small Millets,Total,,982.0,
Haveri,,Shree Anna /Nutri Cereals,Kharif,,1427.0,
Haveri,,Shree Anna /Nutri Cereals,Rabi,,845.0,
Haveri,,Shree Anna /Nutri Cereals,Total,,852.0,
Haveri,,Nutri/Coarse Cereals,Kharif,,2616.0,
Haveri,,Nutri/Coarse Cereals,Rabi,,1848.0,
Haveri,,Nutri/Coarse Cereals,Summer,,3556.0,
Haveri,,Nutri/Coarse Cereals,Total,,2406.0,
Haveri,,Cereals,Kharif,,2566.0,
Haveri,,Cereals,Rabi,,1859.0,
Haveri,,Cereals,Summer,,2930.0,
Haveri,,Cereals,Total,,2384.0,
Haveri,,Tur,Kharif,,645.0,
Haveri,,Tur,Total,,645.0,
Haveri,,Gram,Rabi,,492.0,
Haveri,,Gram,Total,,492.0,
Haveri,,Urad,Kharif,,590.0,
Haveri,,Urad,Rabi,,224.0,
Haveri,,Urad,Total,,369.0,
Haveri,,Moong,Kharif,,360.0,
Haveri,,Moong,Rabi,,312.0,
Haveri,,Moong,Total,,321.0,
Haveri,,Other Pulses,Kharif,,601.0,
Haveri,,Other Pulses,Rabi,,524.0,
Haveri,,Other Pulses,Total,,525.0,
Haveri,,Total Pulses,Total,,480.0,
Haveri,,Total Food Grains,Kharif,,2553.0,
Haveri,,Total Food Grains,Rabi,,1553.0,
Haveri,,Total Food Grains,Summer,,2930.0,
Haveri,,Total Food Grains,Total,,2235.0,
Kalaburagi,,Rice,Kharif,,2563.0,
Kalaburagi,,Rice,Rabi,,3626.0,
Kalaburagi,,Rice,Summer,,3521.0,
Kalaburagi,,Rice,Total,,2783.0,
Kalaburagi,,Wheat,Rabi,,1590.0,
Kalaburagi,,Wheat,Total,,1590.0,
Kalaburagi,,Maize,Kharif,,2929.0,
Kalaburagi,,Maize,Rabi,,3584.0,
Kalaburagi,,Maize,Summer,,4328.0,
Kalaburagi,,Maize,Total,,3219.0,
Kalaburagi,,Jowar,Kharif,,1982.0,
Kalaburagi,,Jowar,Rabi,,1271.0,
Kalaburagi,,Jowar,Total,,1275.0,
Kalaburagi,,Bajra,Kharif,,1266.0,
Kalaburagi,,Bajra,Total,,1266.0,
Kalaburagi,,Ragi,Kharif,,1504.0,
Kalaburagi,,Ragi,Total,,1504.0,
Kalaburagi,,Small Millets,Kharif,,599.0,
Kalaburagi,,Small Millets,Total,,599.0,
Kalaburagi,,Shree Anna /Nutri Cereals,Kharif,,1423.0,
Kalaburagi,,Shree Anna /Nutri Cereals,Rabi,,1271.0,
Kalaburagi,,Shree Anna /Nutri Cereals,Total,,1274.0,
Kalaburagi,,Nutri/Coarse Cereals,Kharif,,2152.0,
Kalaburagi,,Nutri/Coarse Cereals,Rabi,,1300.0,
Kalaburagi,,Nutri/Coarse Cereals,Summer,,4328.0,
Kalaburagi,,Nutri/Coarse Cereals,Total,,1338.0,
Kalaburagi,,Cereals,Kharif,,2489.0,
Kalaburagi,,Cereals,Rabi,,1419.0,
Kalaburagi,,Cereals,Summer,,3607.0,
Kalaburagi,,Cereals,Total,,1612.0,
Kalaburagi,,Tur,Kharif,,383.0,
Kalaburagi,,Tur,Total,,383.0,
Kalaburagi,,Gram,Rabi,,735.0,
Kalaburagi,,Gram,Total,,735.0,
Kalaburagi,,Urad,Kharif,,665.0,
Kalaburagi,,Urad,Rabi,,429.0,
Kalaburagi,,Urad,Total,,664.0,
Kalaburagi,,Moong,Kharif,,557.0,
Kalaburagi,,Moong,Rabi,,299.0,
Kalaburagi,,Moong,Total,,557.0,
Kalaburagi,,Other Pulses,Kharif,,608.0,
Kalaburagi,,Other Pulses,Rabi,,493.0,
Kalaburagi,,Other Pulses,Total,,580.0,
Kalaburagi,,Total Pulses,Total,,414.0,
Kalaburagi,,Total Food Grains,Kharif,,435.0,
Kalaburagi,,Total Food Grains,Rabi,,1227.0,
Kalaburagi,,Total Food Grains,Summer,,3607.0,
Kalaburagi,,Total Food Grains,Total,,507.0,
Kodagu,,Rice,Kharif,,2651.0,
Kodagu,,Rice,Rabi,,2842.0,
Kodagu,,Rice,Summer,,3245.0,
Kodagu,,Rice,Total,,2651.0,
Kodagu,,Maize,Kharif,,2035.0,
Kodagu,,Maize,Rabi,,3584.0,
Kodagu,,Maize,Total,,2152.0,
Kodagu,,Jowar,Kharif,,1982.0,
Kodagu,,Jowar,Total,,1982.0,
Kodagu,,Ragi,Kharif,,1556.0,
Kodagu,,Ragi,Total,,1556.0,
Kodagu,,Shree Anna /Nutri Cereals,Kharif,,1979.0,
Kodagu,,Shree Anna /Nutri Cereals,Total,,1979.0,
Kodagu,,Nutri/Coarse Cereals,Kharif,,2005.0,
Kodagu,,Nutri/Coarse Cereals,Rabi,,3584.0,
Kodagu,,Nutri/Coarse Cereals,Total,,2062.0,
Kodagu,,Cereals,Kharif,,2570.0,
Kodagu,,Cereals,Rabi,,3492.0,
Kodagu,,Cereals,Summer,,3245.0,
Kodagu,,Cereals,Total,,2575.0,
Kodagu,,Total Food Grains,Kharif,,2570.0,
Kodagu,,Total Food Grains,Rabi,,3492.0,
Kodagu,,Total Food Grains,Summer,,3245.0,
Kodagu,,Total Food Grains,Total,,2575.0,
Kolar,,Rice,Kharif,,3076.0,
Kolar,,Rice,Rabi,,2842.0,
Kolar,,Rice,Summer,,3692.0,
Kolar,,Rice,Total,,3106.0,
Kolar,,Maize,Kharif,,3133.0,
Kolar,,Maize,Rabi,,3584.0,
Kolar,,Maize,Summer,,4328.0,
Kolar,,Maize,Total,,3576.0,
Kolar,,Jowar,Kharif,,1982.0,
Kolar,,Jowar,Rabi,,1113.0,
Kolar,,Jowar,Total,,1707.0,
Kolar,,Bajra,Kharif,,1290.0,
Kolar,,Bajra,Total,,1290.0,
Kolar,,Ragi,Kharif,,1842.0,
Kolar,,Ragi,Total,,1842.0,
Kolar,,Small Millets,Kharif,,1811.0,
Kolar,,Small Millets,Total,,1811.0,
Kolar,,Shree Anna /Nutri Cereals,Kharif,,1842.0,
Kolar,,Shree Anna /Nutri Cereals,Rabi,,1113.0,
Kolar,,Shree Anna /Nutri Cereals,Total,,1839.0,
Kolar,,Nutri/Coarse Cereals,Kharif,,1880.0,
Kolar,,Nutri/Coarse Cereals,Rabi,,3135.0,
Kolar,,Nutri/Coarse Cereals,Summer,,4328.0,
Kolar,,Nutri/Coarse Cereals,Total,,1950.0,
Kolar,,Cereals,Kharif,,1938.0,
Kolar,,Cereals,Rabi,,3089.0,
Kolar,,Cereals,Summer,,4191.0,
Kolar,,Cereals,Total,,2013.0,
Kolar,,Tur,Kharif,,503.0,
Kolar,,Tur,Total,,503.0,
Kolar,,Gram,Rabi,,596.0,
Kolar,,Gram,Total,,596.0,
Kolar,,Urad,Kharif,,590.0,
Kolar,,Urad,Total,,590.0,
Kolar,,Moong,Kharif,,430.0,
Kolar,,Moong,Total,,430.0,
Kolar,,Other Pulses,Kharif,,967.0,
Kolar,,Other Pulses,Rabi,,881.0,
Kolar,,Other Pulses,Total,,913.0,
Kolar,,Total Pulses,Total,,883.0,
Kolar,,Total Food Grains,Kharif,,1845.0,
Kolar,,Total Food Grains,Rabi,,1258.0,
Kolar,,Total Food Grains,Summer,,4191.0,
Kolar,,Total Food Grains,Total,,1808.0,
Koppal,,Rice,Kharif,,4243.0,
Koppal,,Rice,Rabi,,2842.0,
Koppal,,Rice,Summer,,3169.0,
Koppal,,Rice,Total,,3704.0,
Koppal,,Wheat,Rabi,,534.0,
Koppal,,Wheat,Total,,534.0,
Koppal,,Maize,Kharif,,2278.0,
Koppal,,Maize,Rabi,,3199.0,
Koppal,,Maize,Summer,,4328.0,
Koppal,,Maize,Total,,2465.0,
Koppal,,Jowar,Kharif,,1994.0,
Koppal,,Jowar,Rabi,,598.0,
Koppal,,Jowar,Total,,761.0,
Koppal,,Bajra,Kharif,,1102.0,
Koppal,,Bajra,Total,,1102.0,
Koppal,,Ragi,Kharif,,1570.0,
Koppal,,Ragi,Total,,1570.0,
Koppal,,Small Millets,Kharif,,411.0,
Koppal,,Small Millets,Total,,411.0,
Koppal,,Shree Anna /Nutri Cereals,Kharif,,1058.0,
Koppal,,Shree Anna /Nutri Cereals,Rabi,,598.0,
Koppal,,Shree Anna /Nutri Cereals,Total,,960.0,
Koppal,,Nutri/Coarse Cereals,Kharif,,1875.0,
Koppal,,Nutri/Coarse Cereals,Rabi,,2137.0,
Koppal,,Nutri/Coarse Cereals,Summer,,4328.0,
Koppal,,Nutri/Coarse Cereals,Total,,1953.0,
Koppal,,Cereals,Kharif,,2477.0,
Koppal,,Cereals,Rabi,,2186.0,
Koppal,,Cereals,Summer,,3228.0,
Koppal,,Cereals,Total,,2559.0,
Koppal,,Tur,Kharif,,508.0,
Koppal,,Tur,Total,,508.0,
Koppal,,Gram,Rabi,,391.0,
Koppal,,Gram,Total,,391.0,
Koppal,,Urad,Kharif,,590.0,
Koppal,,Urad,Rabi,,429.0,
Koppal,,Urad,Total,,435.0,
Koppal,,Moong,Kharif,,199.0,
Koppal,,Moong,Rabi,,299.0,
Koppal,,Moong,Total,,200.0,
Koppal,,Other Pulses,Kharif,,489.0,
Koppal,,Other Pulses,Rabi,,495.0,
Koppal,,Other Pulses,Total,,492.0,
Koppal,,Total Pulses,Total,,392.0,
Koppal,,Total Food Grains,Kharif,,1756.0,
Koppal,,Total Food Grains,Rabi,,1014.0,
Koppal,,Total Food Grains,Summer,,3228.0,
Koppal,,Total Food Grains,Total,,1721.0,
Mandya,,Rice,Kharif,,3192.0,
Mandya,,Rice,Rabi,,2842.0,
Mandya,,Rice,Summer,,2963.0,
Mandya,,Rice,Total,,3127.0,
Mandya,,Maize,Kharif,,2156.0,
Mandya,,Maize,Rabi,,3584.0,
Mandya,,Maize,Summer,,4328.0,
Mandya,,Maize,Total,,2890.0,
Mandya,,Ragi,Kharif,,1561.0,
Mandya,,Ragi,Total,,1561.0,
Mandya,,Small Millets,Kharif,,426.0,
Mandya,,Small Millets,Total,,426.0,
Mandya,,Shree Anna /Nutri Cereals,Kharif,,1561.0,
Mandya,,Shree Anna /Nutri Cereals,Total,,1561.0,
Mandya,,Nutri/Coarse Cereals,Kharif,,1584.0,
Mandya,,Nutri/Coarse Cereals,Rabi,,3584.0,
Mandya,,Nutri/Coarse Cereals,Summer,,4328.0,
Mandya,,Nutri/Coarse Cereals,Total,,1639.0,
Mandya,,Cereals,Kharif,,2149.0,
Mandya,,Cereals,Rabi,,3346.0,
Mandya,,Cereals,Summer,,3071.0,
Mandya,,Cereals,Total,,2272.0,
Mandya,,Tur,Kharif,,391.0,
Mandya,,Tur,Total,,391.0,
Mandya,,Urad,Kharif,,590.0,
Mandya,,Urad,Rabi,,429.0,
Mandya,,Urad,Total,,589.0,
Mandya,,Moong,Kharif,,430.0,
Mandya,,Moong,Rabi,,299.0,
Mandya,,Moong,Total,,430.0,
Mandya,,Other Pulses,Kharif,,378.0,
Mandya,,Other Pulses,Rabi,,606.0,
Mandya,,Other Pulses,Total,,433.0,
Mandya,,Total Pulses,Total,,434.0,
Mandya,,Total Food Grains,Kharif,,1604.0,
Mandya,,Total Food Grains,Rabi,,661.0,
Mandya,,Total Food Grains,Summer,,3071.0,
Mandya,,Total Food Grains,Total,,1653.0,
Mysuru,,Rice,Kharif,,3321.0,
Mysuru,,Rice,Rabi,,2842.0,
Mysuru,,Rice,Summer,,3465.0,
Mysuru,,Rice,Total,,3349.0,
Mysuru,,Maize,Kharif,,3576.0,
Mysuru,,Maize,Rabi,,3825.0,
Mysuru,,Maize,Summer,,3642.0,
Mysuru,,Maize,Total,,3616.0,
Mysuru,,Jowar,Kharif,,779.0,
Mysuru,,Jowar,Rabi,,1113.0,
Mysuru,,Jowar,Total,,788.0,
Mysuru,,Bajra,Kharif,,1290.0,
Mysuru,,Bajra,Total,,1290.0,
Mysuru,,Ragi,Kharif,,1642.0,
Mysuru,,Ragi,Total,,1642.0,
Mysuru,,Small Millets,Kharif,,426.0,
Mysuru,,Small Millets,Total,,426.0,
Mysuru,,Shree Anna /Nutri Cereals,Kharif,,1612.0,
Mysuru,,Shree Anna /Nutri Cereals,Rabi,,1113.0,
Mysuru,,Shree Anna /Nutri Cereals,Total,,1612.0,
Mysuru,,Nutri/Coarse Cereals,Kharif,,2230.0,
Mysuru,,Nutri/Coarse Cereals,Rabi,,3796.0,
Mysuru,,Nutri/Coarse Cereals,Summer,,3642.0,
Mysuru,,Nutri/Coarse Cereals,Total,,2334.0,
Mysuru,,Cereals,Kharif,,2542.0,
Mysuru,,Cereals,Rabi,,3752.0,
Mysuru,,Cereals,Summer,,3485.0,
Mysuru,,Cereals,Total,,2660.0,
Mysuru,,Tur,Kharif,,399.0,
Mysuru,,Tur,Total,,399.0,
Mysuru,,Gram,Rabi,,725.0,
Mysuru,,Gram,Total,,725.0,
Mysuru,,Urad,Kharif,,397.0,
Mysuru,,Urad,Rabi,,429.0,
Mysuru,,Urad,Total,,397.0,
Mysuru,,Moong,Kharif,,327.0,
Mysuru,,Moong,Rabi,,299.0,
Mysuru,,Moong,Total,,327.0,
Mysuru,,Other Pulses,Kharif,,588.0,
Mysuru,,Other Pulses,Rabi,,715.0,
Mysuru,,Other Pulses,Total,,625.0,
Mysuru,,Total Pulses,Total,,579.0,
Mysuru,,Total Food Grains,Kharif,,2165.0,
Mysuru,,Total Food Grains,Rabi,,1863.0,
Mysuru,,Total Food Grains,Summer,,3485.0,
Mysuru,,Total Food Grains,Total,,2219.0,
Raichur,,Rice,Kharif,,3755.0,
Raichur,,Rice,Rabi,,2842.0,
Raichur,,Rice,Summer,,2594.0,
Raichur,,Rice,Total,,3678.0,
Raichur,,Wheat,Rabi,,1255.0,
Raichur,,Wheat,Total,,1255.0,
Raichur,,Maize,Kharif,,3727.0,
Raichur,,Maize,Rabi,,1081.0,
Raichur,,Maize,Summer,,4328.0,
Raichur,,Maize,Total,,1928.0,
Raichur,,Jowar,Kharif,,1982.0,
Raichur,,Jowar,Rabi,,1499.0,
Raichur,,Jowar,Total,,1704.0,
Raichur,,Bajra,Kharif,,1238.0,
Raichur,,Bajra,Total,,1238.0,
Raichur,,Ragi,Kharif,,1507.0,
Raichur,,Ragi,Total,,1507.0,
Raichur,,Small Millets,Kharif,,426.0,
Raichur,,Small Millets,Total,,426.0,
Raichur,,Shree Anna /Nutri Cereals,Kharif,,1736.0,
Raichur,,Shree Anna /Nutri Cereals,Rabi,,1499.0,
Raichur,,Shree Anna /Nutri Cereals,Total,,1620.0,
Raichur,,Nutri/Coarse Cereals,Kharif,,1760.0,
Raichur,,Nutri/Coarse Cereals,Rabi,,1487.0,
Raichur,,Nutri/Coarse Cereals,Summer,,4328.0,
Raichur,,Nutri/Coarse Cereals,Total,,1627.0,
Raichur,,Cereals,Kharif,,3362.0,
Raichur,,Cereals,Rabi,,1762.0,
Raichur,,Cereals,Summer,,2605.0,
Raichur,,Cereals,Total,,3046.0,
Raichur,,Tur,Kharif,,576.0,
Raichur,,Tur,Total,,576.0,
Raichur,,Gram,Rabi,,668.0,
Raichur,,Gram,Total,,668.0,
Raichur,,Urad,Kharif,,590.0,
Raichur,,Urad,Rabi,,429.0,
Raichur,,Urad,Total,,453.0,
Raichur,,Moong,Kharif,,292.0,
Raichur,,Moong,Rabi,,299.0,
Raichur,,Moong,Total,,293.0,
Raichur,,Other Pulses,Kharif,,580.0,
Raichur,,Other Pulses,Rabi,,494.0,
Raichur,,Other Pulses,Total,,528.0,
Raichur,,Total Pulses,Total,,581.0,
Raichur,,Total Food Grains,Kharif,,2132.0,
Raichur,,Total Food Grains,Rabi,,1572.0,
Raichur,,Total Food Grains,Summer,,2605.0,
Raichur,,Total Food Grains,Total,,2059.0,
Shivamogga,,Rice,Kharif,,2879.0,
Shivamogga,,Rice,Rabi,,2842.0,
Shivamogga,,Rice,Summer,,2918.0,
Shivamogga,,Rice,Total,,2882.0,
Shivamogga,,Wheat,Rabi,,1380.0,
Shivamogga,,Wheat,Total,,1380.0,
Shivamogga,,Maize,Kharif,,2972.0,
Shivamogga,,Maize,Rabi,,4694.0,
Shivamogga,,Maize,Summer,,4328.0,
Shivamogga,,Maize,Total,,3182.0,
Shivamogga,,Jowar,Kharif,,1982.0,
Shivamogga,,Jowar,Rabi,,1113.0,
Shivamogga,,Jowar,Total,,1320.0,
Shivamogga,,Bajra,Kharif,,1290.0,
Shivamogga,,Bajra,Total,,1290.0,
Shivamogga,,Ragi,Kharif,,1439.0,
Shivamogga,,Ragi,Total,,1439.0,
Shivamogga,,Shree Anna /Nutri Cereals,Kharif,,1561.0,
Shivamogga,,Shree Anna /Nutri Cereals,Rabi,,1113.0,
Shivamogga,,Shree Anna /Nutri Cereals,Total,,1373.0,
Shivamogga,,Nutri/Coarse Cereals,Kharif,,2959.0,
Shivamogga,,Nutri/Coarse Cereals,Rabi,,4217.0,
Shivamogga,,Nutri/Coarse Cereals,Summer,,4328.0,
Shivamogga,,Nutri/Coarse Cereals,Total,,3157.0,
Shivamogga,,Cereals,Kharif,,2908.0,
Shivamogga,,Cereals,Rabi,,4178.0,
Shivamogga,,Cereals,Summer,,3498.0,
Shivamogga,,Cereals,Total,,2989.0,
Shivamogga,,Tur,Kharif,,572.0,
Shivamogga,,Tur,Total,,572.0,
Shivamogga,,Gram,Rabi,,596.0,
Shivamogga,,Gram,Total,,596.0,
Shivamogga,,Urad,Kharif,,590.0,
Shivamogga,,Urad,Total,,590.0,
Shivamogga,,Moong,Kharif,,430.0,
Shivamogga,,Moong,Rabi,,299.0,
Shivamogga,,Moong,Total,,301.0,
Shivamogga,,Other Pulses,Kharif,,594.0,
Shivamogga,,Other Pulses,Rabi,,636.0,
Shivamogga,,Other Pulses,Total,,633.0,
Shivamogga,,Total Pulses,Total,,566.0,
Shivamogga,,Total Food Grains,Kharif,,2907.0,
Shivamogga,,Total Food Grains,Rabi,,3512.0,
Shivamogga,,Total Food Grains,Summer,,3498.0,
Shivamogga,,Total Food Grains,Total,,2978.0,
Tumakuru,,Rice,Kharif,,3029.0,
Tumakuru,,Rice,Rabi,,2842.0,
Tumakuru,,Rice,Summer,,2866.0,
Tumakuru,,Rice,Total,,2999.0,
Tumakuru,,Maize,Kharif,,3290.0,
Tumakuru,,Maize,Rabi,,3846.0,
Tumakuru,,Maize,Summer,,4328.0,
Tumakuru,,Maize,Total,,3330.0,
Tumakuru,,Bajra,Kharif,,1290.0,
Tumakuru,,Bajra,Total,,1290.0,
Tumakuru,,Ragi,Kharif,,1737.0,
Tumakuru,,Ragi,Total,,1737.0,
Tumakuru,,Small Millets,Kharif,,668.0,
Tumakuru,,Small Millets,Total,,668.0,
Tumakuru,,Shree Anna /Nutri Cereals,Kharif,,1728.0,
Tumakuru,,Shree Anna /Nutri Cereals,Total,,1728.0,
Tumakuru,,Nutri/Coarse Cereals,Kharif,,1949.0,
Tumakuru,,Nutri/Coarse Cereals,Rabi,,3846.0,
Tumakuru,,Nutri/Coarse Cereals,Summer,,4328.0,
Tumakuru,,Nutri/Coarse Cereals,Total,,1966.0,
Tumakuru,,Cereals,Kharif,,1966.0,
Tumakuru,,Cereals,Rabi,,3799.0,
Tumakuru,,Cereals,Summer,,3572.0,
Tumakuru,,Cereals,Total,,1985.0,
Tumakuru,,Tur,Kharif,,492.0,
Tumakuru,,Tur,Total,,492.0,
Tumakuru,,Gram,Rabi,,430.0,
Tumakuru,,Gram,Total,,430.0,
Tumakuru,,Urad,Kharif,,508.0,
Tumakuru,,Urad,Total,,508.0,
Tumakuru,,Moong,Kharif,,326.0,
Tumakuru,,Moong,Total,,326.0,
Tumakuru,,Other Pulses,Kharif,,728.0,
Tumakuru,,Other Pulses,Rabi,,702.0,
Tumakuru,,Other Pulses,Total,,728.0,
Tumakuru,,Total Pulses,Total,,499.0,
Tumakuru,,Total Food Grains,Kharif,,1656.0,
Tumakuru,,Total Food Grains,Rabi,,1951.0,
Tumakuru,,Total Food Grains,Summer,,3572.0,
Tumakuru,,Total Food Grains,Total,,1667.0,
Udupi,,Rice,Kharif,,2831.0,
Udupi,,Rice,Rabi,,2617.0,
Udupi,,Rice,Summer,,3245.0,
Udupi,,Rice,Total,,2807.0,
Udupi,,Maize,Kharif,,3133.0,
Udupi,,Maize,Rabi,,3584.0,
Udupi,,Maize,Total,,3572.0,
Udupi,,Jowar,Kharif,,1982.0,
Udupi,,Jowar,Rabi,,1113.0,
Udupi,,Jowar,Total,,1177.0,
Udupi,,Shree Anna /Nutri Cereals,Kharif,,1982.0,
Udupi,,Shree Anna /Nutri Cereals,Rabi,,1113.0,
Udupi,,Shree Anna /Nutri Cereals,Total,,1177.0,
Udupi,,Nutri/Coarse Cereals,Kharif,,2693.0,
Udupi,,Nutri/Coarse Cereals,Rabi,,3161.0,
Udupi,,Nutri/Coarse Cereals,Total,,3145.0,
Udupi,,Cereals,Kharif,,2831.0,
Udupi,,Cereals,Rabi,,2619.0,
Udupi,,Cereals,Summer,,3245.0,
Udupi,,Cereals,Total,,2807.0,
Udupi,,Tur,Kharif,,572.0,
Udupi,,Tur,Total,,572.0,
Udupi,,Urad,Kharif,,590.0,
Udupi,,Urad,Rabi,,485.0,
Udupi,,Urad,Total,,485.0,
Udupi,,Moong,Rabi,,299.0,
Udupi,,Moong,Total,,299.0,
Udupi,,Other Pulses,Kharif,,393.0,
Udupi,,Other Pulses,Rabi,,453.0,
Udupi,,Other Pulses,Total,,452.0,
Udupi,,Total Pulses,Total,,466.0,
Udupi,,Total Food Grains,Kharif,,2830.0,
Udupi,,Total Food Grains,Rabi,,2259.0,
Udupi,,Total Food Grains,Summer,,3245.0,
Udupi,,Total Food Grains,Total,,2754.0,
Uttara Kannada,,Rice,Kharif,,2203.0,
Uttara Kannada,,Rice,Rabi,,2595.0,
Uttara Kannada,,Rice,Summer,,2283.0,
Uttara Kannada,,Rice,Total,,2210.0,
Uttara Kannada,,Wheat,Rabi,,1255.0,
Uttara Kannada,,Wheat,Total,,1255.0,
Uttara Kannada,,Maize,Kharif,,3654.0,
Uttara Kannada,,Maize,Rabi,,3584.0,
Uttara Kannada,,Maize,Summer,,4328.0,
Uttara Kannada,,Maize,Total,,3674.0,
Uttara Kannada,,Jowar,Kharif,,1982.0,
Uttara Kannada,,Jowar,Rabi,,1113.0,
Uttara Kannada,,Jowar,Total,,1128.0,
Uttara Kannada,,Bajra,Kharif,,1290.0,
Uttara Kannada,,Bajra,Total,,1290.0,
Uttara Kannada,,Ragi,Kharif,,1500.0,
Uttara Kannada,,Ragi,Total,,1500.0,
Uttara Kannada,,Shree Anna /Nutri Cereals,Kharif,,1563.0,
Uttara Kannada,,Shree Anna /Nutri Cereals,Rabi,,1113.0,
Uttara Kannada,,Shree Anna /Nutri Cereals,Total,,1163.0,
Uttara Kannada,,Nutri/Coarse Cereals,Kharif,,3651.0,
Uttara Kannada,,Nutri/Coarse Cereals,Rabi,,3503.0,
Uttara Kannada,,Nutri/Coarse Cereals,Summer,,4328.0,
Uttara Kannada,,Nutri/Coarse Cereals,Total,,3653.0,
Uttara Kannada,,Cereals,Kharif,,2506.0,
Uttara Kannada,,Cereals,Rabi,,3344.0,
Uttara Kannada,,Cereals,Summer,,3662.0,
Uttara Kannada,,Cereals,Total,,2589.0,
Uttara Kannada,,Tur,Kharif,,572.0,
Uttara Kannada,,Tur,Total,,572.0,
Uttara Kannada,,Gram,Rabi,,596.0,
Uttara Kannada,,Gram,Total,,596.0,
Uttara Kannada,,Urad,Kharif,,590.0,
Uttara Kannada,,Urad,Rabi,,429.0,
Uttara Kannada,,Urad,Total,,430.0,
Uttara Kannada,,Moong,Rabi,,284.0,
Uttara Kannada,,Moong,Total,,284.0,
Uttara Kannada,,Other Pulses,Kharif,,680.0,
Uttara Kannada,,Other Pulses,Rabi,,685.0,
Uttara Kannada,,Other Pulses,Total,,685.0,
Uttara Kannada,,Total Pulses,Total,,488.0,
Uttara Kannada,,Total Food Grains,Kharif,,2506.0,
Uttara Kannada,,Total Food Grains,Rabi,,1765.0,
Uttara Kannada,,Total Food Grains,Summer,,3662.0,
Uttara Kannada,,Total Food Grains,Total,,2419.0,
Vijayanagara,,Rice,Kharif,,3786.0,
Vijayanagara,,Rice,Rabi,,2842.0,
Vijayanagara,,Rice,Summer,,3272.0,
Vijayanagara,,Rice,Total,,3479.0,
Vijayanagara,,Wheat,Rabi,,2065.0,
Vijayanagara,,Wheat,Total,,2065.0,
Vijayanagara,,Maize,Kharif,,2811.0,
Vijayanagara,,Maize,Rabi,,3184.0,
Vijayanagara,,Maize,Summer,,4328.0,
Vijayanagara,,Maize,Total,,2836.0,
Vijayanagara,,Jowar,Kharif,,2992.0,
Vijayanagara,,Jowar,Rabi,,2457.0,
Vijayanagara,,Jowar,Total,,2824.0,
Vijayanagara,,Bajra,Kharif,,1545.0,
Vijayanagara,,Bajra,Total,,1545.0,
Vijayanagara,,Ragi,Kharif,,1308.0,
Vijayanagara,,Ragi,Total,,1308.0,
Vijayanagara,,Small Millets,Kharif,,383.0,
Vijayanagara,,Small Millets,Total,,383.0,
Vijayanagara,,Shree Anna /Nutri Cereals,Kharif,,1580.0,
Vijayanagara,,Shree Anna /Nutri Cereals,Rabi,,2457.0,
Vijayanagara,,Shree Anna /Nutri Cereals,Total,,1638.0,
Vijayanagara,,Nutri/Coarse Cereals,Kharif,,2435.0,
Vijayanagara,,Nutri/Coarse Cereals,Rabi,,2868.0,
Vijayanagara,,Nutri/Coarse Cereals,Summer,,4328.0,
Vijayanagara,,Nutri/Coarse Cereals,Total,,2464.0,
Vijayanagara,,Cereals,Kharif,,2501.0,
Vijayanagara,,Cereals,Rabi,,2860.0,
Vijayanagara,,Cereals,Summer,,3404.0,
Vijayanagara,,Cereals,Total,,2552.0,
Vijayanagara,,Tur,Kharif,,761.0,
Vijayanagara,,Tur,Total,,761.0,
Vijayanagara,,Gram,Rabi,,457.0,
Vijayanagara,,Gram,Total,,457.0,
Vijayanagara,,Urad,Kharif,,590.0,
Vijayanagara,,Urad,Rabi,,429.0,
Vijayanagara,,Urad,Total,,458.0,
Vijayanagara,,Moong,Kharif,,20.0,
Vijayanagara,,Moong,Rabi,,299.0,
Vijayanagara,,Moong,Total,,43.0,
Vijayanagara,,Other Pulses,Kharif,,861.0,
Vijayanagara,,Other Pulses,Rabi,,630.0,
Vijayanagara,,Other Pulses,Total,,656.0,
Vijayanagara,,Total Pulses,Total,,540.0,
Vijayanagara,,Total Food Grains,Kharif,,2479.0,
Vijayanagara,,Total Food Grains,Rabi,,1581.0,
Vijayanagara,,Total Food Grains,Summer,,3404.0,
Vijayanagara,,Total Food Grains,Total,,2408.0,
Vijayapura,,Rice,Kharif,,3394.0,
Vijayapura,,Rice,Total,,2582.0,
Vijayapura,,Wheat,Rabi,,1117.0,
Vijayapura,,Wheat,Total,,1117.0,
Vijayapura,,Maize,Kharif,,3629.0,
Vijayapura,,Maize,Rabi,,3266.0,
Vijayapura,,Maize,Summer,,4328.0,
Vijayapura,,Maize,Total,,3607.0,
Vijayapura,,Jowar,Rabi,,844.0,
Vijayapura,,Jowar,Total,,844.0,
Vijayapura,,Bajra,Kharif,,1162.0,
Vijayapura,,Bajra,Total,,1162.0,
Vijayapura,,Ragi,Kharif,,1556.0,
Vijayapura,,Ragi,Total,,1556.0,
Vijayapura,,Small Millets,Kharif,,426.0,
Vijayapura,,Small Millets,Total,,426.0,
Vijayapura,,Shree Anna /Nutri Cereals,Kharif,,1160.0,
Vijayapura,,Shree Anna /Nutri Cereals,Rabi,,844.0,
Vijayapura,,Shree Anna /Nutri Cereals,Total,,934.0,
Vijayapura,,Nutri/Coarse Cereals,Kharif,,3197.0,
Vijayapura,,Nutri/Coarse Cereals,Rabi,,1279.0,
Vijayapura,,Nutri/Coarse Cereals,Summer,,4328.0,
Vijayapura,,Nutri/Coarse Cereals,Total,,2557.0,
Vijayapura,,Cereals,Kharif,,3198.0,
Vijayapura,,Cereals,Rabi,,1219.0,
Vijayapura,,Cereals,Summer,,4286.0,
Vijayapura,,Cereals,Total,,2316.0,
Vijayapura,,Tur,Kharif,,566.0,
Vijayapura,,Tur,Total,,566.0,
Vijayapura,,Gram,Rabi,,638.0,
Vijayapura,,Gram,Total,,638.0,
Vijayapura,,Urad,Kharif,,455.0,
Vijayapura,,Urad,Total,,455.0,
Vijayapura,,Moong,Kharif,,324.0,
Vijayapura,,Moong,Total,,324.0,
Vijayapura,,Other Pulses,Kharif,,772.0,
Vijayapura,,Other Pulses,Rabi,,560.0,
Vijayapura,,Other Pulses,Total,,753.0,
Vijayapura,,Total Pulses,Total,,569.0,
Vijayapura,,Total Food Grains,Kharif,,992.0,
Vijayapura,,Total Food Grains,Rabi,,1088.0,
Vijayapura,,Total Food Grains,Summer,,4286.0,
Vijayapura,,Total Food Grains,Total,,1016.0,
Yadgir,,Rice,Kharif,,3642.0,
Yadgir,,Rice,Rabi,,2842.0,
Yadgir,,Rice,Summer,,2546.0,
Yadgir,,Rice,Total,,3310.0,
Yadgir,,Wheat,Rabi,,1255.0,
Yadgir,,Wheat,Total,,1255.0,
Yadgir,,Maize,Kharif,,3133.0,
Yadgir,,Maize,Rabi,,3584.0,
Yadgir,,Maize,Summer,,4328.0,
Yadgir,,Maize,Total,,3712.0,
Yadgir,,Jowar,Kharif,,1982.0,
Yadgir,,Jowar,Rabi,,880.0,
Yadgir,,Jowar,Total,,888.0,
Yadgir,,Bajra,Kharif,,2116.0,
Yadgir,,Bajra,Total,,2116.0,
Yadgir,,Ragi,Kharif,,1526.0,
Yadgir,,Ragi,Total,,1526.0,
Yadgir,,Small Millets,Kharif,,511.0,
Yadgir,,Small Millets,Total,,511.0,
Yadgir,,Shree Anna /Nutri Cereals,Kharif,,2050.0,
Yadgir,,Shree Anna /Nutri Cereals,Rabi,,880.0,
Yadgir,,Shree Anna /Nutri Cereals,Total,,1024.0,
Yadgir,,Nutri/Coarse Cereals,Kharif,,2081.0,
Yadgir,,Nutri/Coarse Cereals,Rabi,,996.0,
Yadgir,,Nutri/Coarse Cereals,Summer,,4328.0,
Yadgir,,Nutri/Coarse Cereals,Total,,1163.0,
Yadgir,,Cereals,Kharif,,3611.0,
Yadgir,,Cereals,Rabi,,1652.0,
Yadgir,,Cereals,Summer,,2555.0,
Yadgir,,Cereals,Total,,3075.0,
Yadgir,,Tur,Kharif,,794.0,
Yadgir,,Tur,Total,,794.0,
Yadgir,,Gram,Rabi,,678.0,
Yadgir,,Gram,Total,,678.0,
Yadgir,,Urad,Kharif,,423.0,
Yadgir,,Urad,Rabi,,429.0,
Yadgir,,Urad,Total,,423.0,
Yadgir,,Moong,Kharif,,288.0,
Yadgir,,Moong,Rabi,,299.0,
Yadgir,,Moong,Total,,288.0,
Yadgir,,Other Pulses,Kharif,,612.0,
Yadgir,,Other Pulses,Rabi,,580.0,
Yadgir,,Other Pulses,Total,,595.0,
Yadgir,,Total Pulses,Total,,722.0,
Yadgir,,Total Food Grains,Kharif,,2074.0,
Yadgir,,Total Food Grains,Rabi,,1631.0,
Yadgir,,Total Food Grains,Summer,,2555.0,
Yadgir,,Total Food Grains,Total,,2101.0,
