village_name,latitude,longitude,sowing_date,loss_window_start,loss_window_end,s2_pre_date,s2_pre_ndvi_mean,s2_pre_ndwi_mean,s2_pre_cloud_pct,s1_pre_fallback_used,s1_pre_date,s1_pre_vv_db_mean,s1_pre_vh_db_mean,s2_post_date,s2_post_ndvi_mean,s2_post_ndwi_mean,s2_post_cloud_pct,s1_post_fallback_used,s1_post_date,s1_post_vv_db_mean,s1_post_vh_db_mean,actual_rainfall_total_mm,actual_rainfall_loss_window_mm,normal_rainfall_total_mm,normal_rainfall_loss_window_mm,rainfall_deviation_pct,fetch_status,error_log
Devihosur (Haveri),14.7833,75.3833,2024-06-20,2024-08-15,2024-09-10,2024-06-14,0.2477,-0.2316,99.22,True,2024-06-19,-10.2,-17.37,2024-09-07,0.3734,-0.3224,97.84,True,2024-09-11,-8.19,-14.48,631.7,208.5,404.01,88.87,56.36,SUCCESS,
Savanur (Haveri),14.975,75.335,2024-06-18,2024-08-10,2024-09-05,2024-06-19,0.027,-0.0362,100.0,True,2024-06-19,-6.6,-14.39,2024-09-07,-0.0245,0.0509,100.0,True,2024-08-30,-6.3,-13.94,586.4,173.0,446.34,109.33,31.38,SUCCESS,
Gokak (Belagavi),16.1667,74.8333,2024-06-25,2024-08-20,2024-09-15,2024-06-27,0.0323,-0.0239,100.0,True,,,,2024-09-15,0.3644,-0.3839,40.98,False,,,,483.6,92.8,411.66,119.23,17.48,PARTIAL,Pre-loss S1 Fallback: No Sentinel-1 acquisitions in requested time window
Ramdurg (Belagavi),15.95,75.2833,2024-06-22,2024-08-12,2024-09-08,2024-06-24,-0.0368,0.057,100.0,True,2024-06-19,-9.9,-16.84,2024-09-07,0.4713,-0.4101,100.0,True,2024-09-11,-9.04,-15.33,488.8,175.0,320.73,96.85,52.4,SUCCESS,
Athani (Belagavi),16.7267,75.0633,2024-07-05,2024-09-01,2024-09-25,2024-07-07,0.0413,-0.0387,100.0,True,2024-07-01,-4.88,-13.97,2024-09-30,0.1969,-0.1822,74.08,True,2024-09-23,-3.69,-13.06,607.0,133.5,351.45,113.2,72.71,SUCCESS,
Annigeri (Dharwad),15.4333,75.4333,2024-07-01,2024-08-25,2024-09-20,2024-06-29,0.0803,-0.0549,100.0,True,2024-07-01,-8.07,-16.17,2024-09-22,0.0389,-0.0311,100.0,True,2024-09-23,-6.81,-14.54,494.7,84.5,353.39,103.9,39.99,SUCCESS,
Kundgol (Dharwad),15.2567,75.25,2024-06-28,2024-08-20,2024-09-15,2024-06-29,0.0171,-0.0136,100.0,True,2024-07-01,-7.31,-15.47,2024-09-17,0.0549,-0.0344,100.0,True,2024-09-11,-7.2,-14.56,580.1,126.0,427.61,109.49,35.66,SUCCESS,
Navalgund (Dharwad),15.5667,75.35,2024-07-03,2024-08-28,2024-09-22,2024-07-04,0.0489,-0.0424,100.0,True,2024-07-01,-10.45,-18.72,2024-09-22,0.1556,-0.1468,100.0,True,2024-09-23,-8.0,-14.88,481.7,78.2,357.18,96.76,34.86,SUCCESS,
Aland (Kalaburagi),17.5667,76.5667,2024-06-15,2024-08-10,2024-09-05,2024-06-14,0.0287,-0.0216,100.0,True,2024-06-19,-5.07,-13.62,2024-09-07,0.0063,0.0343,100.0,True,2024-08-30,-4.91,-13.68,822.3,297.2,430.72,143.46,90.91,SUCCESS,
Chincholi (Kalaburagi),17.4667,77.4167,2024-06-12,2024-08-05,2024-09-01,2024-06-14,0.1383,-0.1383,100.0,True,2024-06-14,-7.93,-15.91,2024-09-02,-0.0068,-0.0006,100.0,True,2024-08-30,-7.11,-14.9,847.4,309.9,521.67,186.32,62.44,SUCCESS,
Sedam (Kalaburagi),17.1833,76.9333,2024-06-18,2024-08-08,2024-09-03,2024-06-19,0.0681,-0.0584,100.0,True,2024-06-19,-11.21,-20.65,2024-09-02,-0.0053,-0.0074,100.0,True,2024-08-30,-10.18,-18.68,753.1,300.7,413.91,148.36,81.95,SUCCESS,
Afzalpur (Kalaburagi),17.2,76.3667,2024-06-20,2024-08-15,2024-09-10,2024-06-19,0.0584,-0.0511,100.0,True,2024-06-19,-8.44,-15.9,2024-09-12,0.4199,-0.3646,95.0,True,2024-09-11,-7.51,-14.3,741.6,291.9,412.47,139.05,79.79,SUCCESS,
Sindhanur (Raichur),15.7667,76.7667,2024-07-10,2024-09-01,2024-09-30,2024-07-09,0.1669,-0.1527,100.0,True,2024-07-13,-8.51,-17.5,2024-10-02,0.4324,-0.425,0.0,False,,,,445.7,101.2,318.97,126.81,39.73,SUCCESS,
Manvi (Raichur),15.9833,76.5333,2024-07-08,2024-08-28,2024-09-25,2024-07-09,0.3033,-0.3396,69.95,True,2024-07-13,-9.56,-17.3,2024-09-27,0.1217,-0.0973,100.0,True,2024-09-23,-9.52,-16.67,396.5,96.5,291.2,110.37,36.16,SUCCESS,
Devadurga (Raichur),15.75,76.4833,2024-07-05,2024-08-25,2024-09-20,2024-07-04,0.0353,-0.0408,100.0,True,2024-07-01,-9.81,-18.93,2024-09-22,-0.092,0.1498,100.0,True,2024-09-23,-7.74,-16.01,311.0,66.0,270.19,96.54,15.1,SUCCESS,
Lingsugur (Raichur),16.1567,76.5233,2024-07-12,2024-09-05,2024-10-01,2024-07-14,0.0125,-0.0122,100.0,True,2024-07-13,-7.39,-15.45,2024-10-02,0.3365,-0.3452,0.0,False,,,,436.9,90.4,333.73,121.36,30.91,SUCCESS,
Gangavathi (Koppal),15.4317,76.5317,2024-07-01,2024-08-25,2024-09-18,2024-06-29,0.1691,-0.1667,100.0,True,2024-07-01,-5.19,-15.18,2024-09-17,0.044,-0.0164,100.0,True,2024-09-23,-5.01,-14.87,310.8,53.7,265.66,82.36,16.99,SUCCESS,
Kushtagi (Koppal),15.7567,76.1917,2024-07-06,2024-08-30,2024-09-25,2024-07-04,0.1091,-0.1042,100.0,True,2024-07-01,-7.04,-16.13,2024-09-27,0.1946,-0.2005,100.0,True,2024-09-23,-5.79,-15.14,435.3,87.5,308.95,107.58,40.9,SUCCESS,
Yelburga (Koppal),15.6,76.0167,2024-07-04,2024-08-27,2024-09-22,2024-07-04,0.0638,-0.0581,100.0,True,2024-07-01,-8.79,-17.69,2024-09-27,0.2668,-0.278,96.44,True,2024-09-23,-8.28,-16.14,457.9,82.7,310.71,101.13,47.37,SUCCESS,
Koppal Town (Koppal),15.35,76.15,2024-07-02,2024-08-22,2024-09-15,2024-07-04,0.0916,-0.0932,100.0,True,2024-07-01,-6.39,-14.81,2024-09-17,0.1333,-0.1116,100.0,True,2024-09-11,-6.6,-14.97,397.6,85.6,248.5,83.94,60.0,SUCCESS,
Indi (Vijayapura),17.175,75.9533,2024-06-25,2024-08-18,2024-09-12,2024-06-24,0.0218,-0.0003,100.0,True,2024-06-19,-7.11,-14.39,2024-09-07,0.2981,-0.2893,99.71,True,2024-09-11,-6.68,-14.11,694.5,226.0,369.77,134.63,87.82,SUCCESS,
Muddebihal (Vijayapura),16.3333,76.1333,2024-06-28,2024-08-20,2024-09-15,2024-06-29,0.1117,-0.1174,100.0,True,2024-07-01,-6.41,-13.95,2024-09-12,0.3319,-0.3461,43.36,False,,,,522.0,146.6,310.71,112.76,68.0,SUCCESS,
Basavana Bagewadi (Vijayapura),16.5667,75.9667,2024-06-30,2024-08-22,2024-09-18,2024-06-29,0.1708,-0.154,100.0,True,2024-07-01,-7.96,-15.53,2024-09-12,0.3452,-0.366,52.45,True,2024-09-23,-7.6,-14.22,498.0,131.9,351.53,133.69,41.67,SUCCESS,
Sindgi (Vijayapura),16.9167,76.2333,2024-06-22,2024-08-14,2024-09-08,2024-06-24,0.0813,-0.064,100.0,True,2024-06-19,-5.89,-15.21,2024-09-12,0.1851,-0.1942,53.98,True,2024-09-11,-5.6,-14.82,612.9,243.2,314.49,106.53,94.89,SUCCESS,
Ron (Gadag),15.6833,75.7333,2024-06-28,2024-08-22,2024-09-16,2024-06-29,0.1358,-0.1066,100.0,True,2024-07-01,-8.73,-16.96,2024-09-17,0.2652,-0.3174,39.48,False,,,,477.4,100.4,328.26,106.59,45.43,SUCCESS,
Mundargi (Gadag),15.2083,75.8833,2024-07-02,2024-08-26,2024-09-20,2024-07-04,0.0919,-0.0993,100.0,True,2024-07-01,-8.3,-14.72,2024-09-22,0.0422,-0.0314,100.0,True,2024-09-23,-7.24,-13.46,372.0,61.4,278.52,79.76,33.56,SUCCESS,
Nargund (Gadag),15.7167,75.3833,2024-06-25,2024-08-18,2024-09-12,2024-06-24,0.0145,0.0075,100.0,True,2024-06-19,-7.44,-15.32,2024-09-17,0.2238,-0.2242,89.64,True,2024-09-11,-7.28,-14.84,470.6,122.2,328.04,95.33,43.46,SUCCESS,
Shirhatti (Gadag),15.2333,75.5667,2024-07-01,2024-08-24,2024-09-18,2024-06-29,0.0719,-0.0739,100.0,True,2024-07-01,-8.94,-17.0,2024-09-17,0.1925,-0.1644,100.0,True,2024-09-23,-7.96,-14.07,506.8,84.8,360.41,98.1,40.62,SUCCESS,
Ranebennur (Haveri),14.62,75.63,2024-06-22,2024-08-16,2024-09-10,2024-06-24,-0.0001,0.0282,100.0,True,2024-06-19,-6.11,-14.4,2024-09-07,0.2048,-0.2163,83.92,True,2024-09-11,-5.9,-14.17,596.2,168.3,416.93,96.12,43.0,SUCCESS,
Byadgi (Haveri),14.6733,75.4867,2024-06-24,2024-08-18,2024-09-12,2024-06-24,0.2142,-0.2103,100.0,True,2024-06-19,-6.92,-14.85,2024-09-12,0.1457,-0.1194,100.0,True,2024-09-11,-6.28,-14.26,672.3,164.5,390.26,92.29,72.27,SUCCESS,
Hangal (Haveri),14.7633,75.1233,2024-06-20,2024-08-14,2024-09-08,2024-06-19,0.1554,-0.1481,100.0,True,2024-06-19,-6.56,-14.72,2024-09-07,0.0028,0.0272,100.0,True,2024-09-11,-5.51,-13.74,794.2,212.8,684.53,143.56,16.02,SUCCESS,
Hirekerur (Haveri),14.4567,75.3933,2024-06-26,2024-08-20,2024-09-15,2024-06-24,0.0728,-0.0534,100.0,True,2024-07-01,-7.1,-14.93,2024-09-17,0.4563,-0.4309,31.49,False,,,,639.8,129.2,465.92,106.16,37.32,SUCCESS,
Bellary Town (Bellary),15.1394,76.9214,2024-07-08,2024-09-01,2024-09-28,2024-07-09,0.2712,-0.2995,26.01,False,,,,2024-09-27,0.1367,-0.1414,100.0,True,2024-09-30,-3.74,-13.1,349.1,69.8,268.86,95.28,29.84,SUCCESS,
Hospet (Bellary),15.2689,76.3909,2024-07-05,2024-08-28,2024-09-22,2024-07-04,0.0985,-0.0934,100.0,True,2024-07-01,-6.11,-13.52,2024-09-17,0.2455,-0.2676,15.63,False,,,,357.9,71.4,265.14,88.89,34.99,SUCCESS,
Sandur (Bellary),15.0833,76.55,2024-07-10,2024-09-03,2024-09-30,2024-07-09,0.0833,-0.0569,100.0,True,2024-07-13,-7.32,-15.54,2024-10-02,0.2726,-0.2423,98.05,True,2024-10-05,-5.52,-12.98,406.7,95.7,356.03,125.56,14.23,SUCCESS,
Siruguppa (Bellary),15.6333,76.8967,2024-07-12,2024-09-05,2024-10-01,2024-07-14,0.0864,-0.0893,100.0,True,2024-07-13,-7.7,-16.14,2024-10-02,0.4161,-0.4067,0.0,False,,,,383.8,85.6,315.79,118.23,21.54,SUCCESS,
Shorapur (Yadgir),16.52,76.76,2024-06-20,2024-08-15,2024-09-10,2024-06-19,0.08,-0.0832,100.0,True,2024-06-19,-7.15,-15.35,2024-09-12,0.2432,-0.2405,88.88,True,2024-09-11,-6.68,-14.97,733.1,345.7,354.6,120.66,106.74,SUCCESS,
Shahapur (Yadgir),16.6933,76.8433,2024-06-18,2024-08-12,2024-09-06,2024-06-19,0.1675,-0.1688,100.0,True,2024-06-19,-6.14,-15.28,2024-09-12,0.3512,-0.3418,90.98,True,2024-09-11,-5.43,-14.6,689.5,287.6,371.75,120.29,85.47,SUCCESS,
Hunasagi (Yadgir),16.35,76.4667,2024-06-25,2024-08-20,2024-09-15,2024-06-24,0.1001,-0.0741,100.0,True,2024-06-19,-10.45,-18.79,2024-09-12,0.6924,-0.6307,7.59,False,,,,537.7,175.8,332.54,119.48,61.69,SUCCESS,
Surapura (Yadgir),16.4333,76.8,2024-06-22,2024-08-16,2024-09-10,2024-06-24,0.0372,-0.0185,100.0,True,2024-06-19,-7.4,-17.66,2024-09-12,0.1243,-0.0888,100.0,True,2024-09-11,-9.59,-17.45,616.3,280.3,350.93,117.43,75.62,SUCCESS,
Jamkhandi (Bagalkot),16.5,75.2833,2024-06-28,2024-08-22,2024-09-16,2024-06-27,0.0738,-0.071,100.0,True,2024-07-01,-8.82,-15.74,2024-09-20,0.4793,-0.5084,5.27,False,,,,519.6,99.7,338.17,113.3,53.65,SUCCESS,
Badami (Bagalkot),15.9167,75.6833,2024-07-01,2024-08-25,2024-09-20,2024-06-29,-0.0485,0.0767,100.0,True,2024-07-01,-9.19,-16.5,2024-09-17,0.2292,-0.2266,82.44,True,2024-09-23,-9.38,-16.11,514.7,75.8,318.52,102.08,61.59,SUCCESS,
Bilgi (Bagalkot),16.35,75.6167,2024-06-30,2024-08-24,2024-09-18,2024-06-29,0.2158,-0.2157,100.0,True,2024-07-01,-7.65,-16.13,2024-09-12,0.3475,-0.3557,12.07,False,,,,492.7,94.3,342.73,113.27,43.76,SUCCESS,
Mudhol (Bagalkot),16.3333,75.2833,2024-06-26,2024-08-18,2024-09-12,2024-06-27,0.0723,-0.0638,100.0,True,2024-07-01,-6.62,-14.26,2024-09-15,0.2925,-0.3065,30.69,False,,,,544.3,152.9,330.37,103.44,64.75,SUCCESS,
Shiggaon (Haveri),14.9917,75.225,2024-06-19,2024-08-13,2024-09-07,2024-06-19,0.1021,-0.1053,100.0,True,2024-06-19,-6.85,-14.72,2024-09-07,0.2972,-0.2856,99.62,True,2024-09-11,-6.48,-14.19,648.9,179.4,451.94,101.19,43.58,SUCCESS,
Hubballi Rural (Dharwad),15.3647,75.124,2024-07-02,2024-08-26,2024-09-20,2024-07-04,0.0731,-0.0643,100.0,True,2024-07-01,-7.2,-13.47,2024-09-22,-0.0098,0.0171,100.0,True,2024-09-23,-6.95,-13.35,,,,,,PARTIAL,Rainfall: Actual rainfall HTTP 429; Climate normal HTTP 429
Kalghatgi (Dharwad),15.1833,74.9667,2024-07-05,2024-08-30,2024-09-24,2024-07-04,0.0522,-0.0459,100.0,True,2024-07-01,-6.65,-14.02,2024-09-20,0.1917,-0.1549,94.02,True,2024-09-23,-6.87,-13.96,,,,,,PARTIAL,Rainfall: Actual rainfall HTTP 429; Climate normal HTTP 429
Jewargi (Kalaburagi),17.0167,76.7833,2024-06-16,2024-08-08,2024-09-02,2024-06-14,0.0127,-0.0051,100.0,True,2024-06-19,-10.25,-19.17,2024-08-28,0.4923,-0.434,37.22,False,,,,,,,,,PARTIAL,Rainfall: Actual rainfall HTTP 429; Climate normal HTTP 429
Chittapur (Kalaburagi),17.1167,76.65,2024-06-14,2024-08-06,2024-09-01,2024-06-14,0.0143,-0.0078,100.0,True,2024-06-19,-8.29,-19.31,2024-08-28,0.4023,-0.3593,57.52,True,2024-08-30,-9.78,-18.8,,,,,,PARTIAL,Rainfall: Actual rainfall HTTP 429; Climate normal HTTP 429
Shahabad (Kalaburagi),17.3333,76.9333,2024-06-20,2024-08-12,2024-09-08,2024-06-24,0.1047,-0.1057,95.72,True,2024-06-19,-10.79,-20.78,2024-09-12,0.4997,-0.4674,0.38,False,,,,,,436.44,149.51,,PARTIAL,Rainfall: Actual rainfall HTTP 429
Hagaribommanahalli (Bellary),15.0383,76.2117,2024-07-06,2024-08-28,2024-09-24,2024-07-04,0.0767,-0.0792,100.0,True,2024-07-01,-8.73,-15.26,2024-09-17,0.3796,-0.367,79.75,True,2024-09-23,-9.4,-15.89,408.8,98.1,288.53,97.44,41.68,SUCCESS,
Kudligi (Bellary),14.9033,76.3867,2024-07-08,2024-09-01,2024-09-28,2024-07-09,0.0162,0.0091,100.0,True,2024-07-13,-6.57,-15.3,2024-09-27,0.0128,-0.0038,100.0,True,2024-09-23,-7.52,-15.81,481.2,111.6,350.05,117.75,37.47,SUCCESS,
Kampli (Bellary),15.4,76.6,2024-07-04,2024-08-26,2024-09-21,2024-07-09,0.3834,-0.3696,7.38,False,,,,2024-09-22,-0.0929,0.1541,100.0,True,2024-09-23,-9.34,-16.93,303.7,67.5,265.33,88.96,14.46,SUCCESS,
Humnabad (Bidar),17.7667,76.9333,2024-06-16,2024-08-10,2024-09-04,2024-06-14,0.0428,-0.047,100.0,True,2024-06-19,-10.03,-19.48,2024-09-02,-0.024,0.0139,100.0,True,2024-08-30,-7.39,-14.42,884.5,288.6,477.64,158.18,85.18,SUCCESS,
Basavakalyan (Bidar),17.87,76.95,2024-06-14,2024-08-08,2024-09-02,2024-06-14,0.023,-0.0193,100.0,True,2024-06-19,-6.18,-15.03,2024-09-02,-0.0197,0.0065,100.0,True,2024-08-30,-6.06,-15.23,840.9,269.6,483.41,159.83,73.95,SUCCESS,
Bhalki (Bidar),18.0483,76.3233,2024-06-12,2024-08-05,2024-08-30,2024-06-14,0.0085,0.0072,100.0,True,2024-06-07,-7.69,-15.99,2024-08-28,0.086,-0.0598,100.0,True,2024-08-30,-8.0,-15.07,753.9,162.6,477.18,155.61,57.99,SUCCESS,
Aurad (Bidar),17.4667,77.2167,2024-06-18,2024-08-12,2024-09-06,2024-06-19,0.0448,-0.0372,100.0,True,2024-06-19,-10.53,-22.49,2024-09-12,0.45,-0.3699,74.66,True,2024-09-06,-7.77,-14.17,894.3,371.5,493.52,158.05,81.21,SUCCESS,
Hoovina Hadagali (Bellary),14.8,75.9333,2024-07-02,2024-08-24,2024-09-19,2024-07-04,0.1064,-0.1145,100.0,True,2024-07-01,-11.54,-19.97,2024-09-12,0.2587,-0.2313,42.29,False,,,,574.4,92.8,337.48,92.1,70.2,SUCCESS,
Gudur (Raichur),16.2283,76.8283,2024-07-11,2024-09-04,2024-10-01,2024-07-09,0.2939,-0.4085,0.0,False,,,,2024-10-02,0.7207,-0.6688,7.63,False,,,,503.3,106.3,386.58,141.01,30.19,SUCCESS,
Maski (Raichur),15.96,76.66,2024-07-09,2024-09-02,2024-09-29,2024-07-09,0.1597,-0.1508,100.0,True,2024-07-13,-8.08,-16.52,2024-09-27,0.259,-0.2331,100.0,True,2024-09-23,-7.46,-15.1,397.3,72.0,346.31,129.34,14.72,SUCCESS,
Challakere (Chitradurga),14.3167,76.65,2024-07-04,2024-08-27,2024-09-22,2024-07-09,0.2506,-0.2944,0.0,False,,,,2024-09-17,0.254,-0.2731,63.52,True,2024-09-23,-7.54,-14.73,300.0,50.5,236.72,74.64,26.73,SUCCESS,
Hiriyur (Chitradurga),13.945,76.6183,2024-07-06,2024-08-29,2024-09-25,2024-07-04,0.0512,-0.0452,100.0,True,2024-07-08,-7.57,-14.55,2024-09-27,-0.015,0.0182,100.0,True,2024-09-23,-8.01,-15.15,382.1,75.6,271.65,84.79,40.66,SUCCESS,
Holalkere (Chitradurga),14.0333,76.1833,2024-07-01,2024-08-24,2024-09-19,2024-06-24,0.3467,-0.326,87.95,True,2024-07-01,-8.75,-16.45,2024-09-17,-0.0343,0.0584,100.0,True,2024-09-23,-9.3,-16.16,487.3,83.5,359.1,96.98,35.7,SUCCESS,
Hosadurga (Chitradurga),13.8,76.2833,2024-07-03,2024-08-26,2024-09-20,2024-07-04,0.1092,-0.0998,100.0,True,2024-07-01,-5.97,-14.89,2024-09-17,0.3422,-0.3446,61.83,True,2024-09-23,-6.46,-15.45,430.4,49.3,321.26,82.18,33.97,SUCCESS,
Molakalmuru (Chitradurga),14.7333,76.75,2024-07-08,2024-09-02,2024-09-28,2024-07-09,0.2195,-0.2049,100.0,True,2024-07-08,-8.78,-15.78,2024-10-02,0.3773,-0.3561,72.76,True,2024-09-30,-8.08,-14.96,289.4,39.5,239.67,81.69,20.75,SUCCESS,
Harihara (Davanagere),14.5167,75.8,2024-06-25,2024-08-18,2024-09-12,2024-06-24,0.3883,-0.3438,100.0,True,2024-06-19,-8.46,-15.92,2024-09-12,-0.002,0.0234,100.0,True,2024-09-11,-8.78,-16.62,561.1,148.4,419.53,99.44,33.74,SUCCESS,
Channagiri (Davanagere),14.0267,75.9283,2024-06-28,2024-08-22,2024-09-16,2024-06-29,0.1971,-0.1908,100.0,True,2024-07-01,-5.16,-14.19,2024-09-12,0.431,-0.436,0.0,False,,,,603.8,85.2,423.25,103.55,42.66,SUCCESS,
Honnali (Davanagere),14.2467,75.6433,2024-06-22,2024-08-15,2024-09-10,2024-06-24,-0.0033,0.0216,100.0,True,2024-06-19,-9.47,-16.38,2024-09-12,0.3392,-0.2977,97.84,True,2024-09-11,-9.84,-16.89,539.4,157.8,439.82,100.82,22.64,SUCCESS,
Jagalur (Davanagere),14.5333,76.35,2024-07-05,2024-08-28,2024-09-24,2024-07-04,0.0383,-0.0451,100.0,True,2024-07-01,-10.44,-20.19,2024-09-17,0.5658,-0.5279,14.78,False,,,,365.9,76.9,348.0,103.82,5.14,SUCCESS,
Nyamathi (Davanagere),14.15,75.5833,2024-06-24,2024-08-17,2024-09-11,2024-06-24,-0.0176,0.0353,100.0,True,2024-06-19,-10.15,-19.6,2024-09-12,0.5975,-0.5295,72.2,True,2024-09-11,-7.36,-13.94,557.1,135.4,507.89,107.77,9.69,SUCCESS,
Tiptur (Tumakuru),13.2556,76.4783,2024-07-02,2024-08-25,2024-09-20,2024-07-04,0.1046,-0.0946,100.0,True,2024-07-01,-5.22,-14.88,2024-09-17,0.313,-0.3326,30.82,False,,,,499.0,52.9,382.64,100.69,30.41,SUCCESS,
Kunigal (Tumakuru),13.0233,77.0367,2024-07-05,2024-08-28,2024-09-23,2024-07-04,0.1877,-0.1758,100.0,True,2024-07-08,-10.21,-16.89,2024-09-19,0.5539,-0.5226,0.0,False,,,,474.0,85.3,366.44,111.47,29.35,SUCCESS,
Madhugiri (Tumakuru),13.66,77.21,2024-07-08,2024-09-01,2024-09-27,2024-07-06,-0.0438,0.0956,100.0,True,2024-07-08,-6.17,-15.96,2024-09-29,0.392,-0.379,1.14,False,,,,370.8,69.2,288.83,90.48,28.38,SUCCESS,
Sira (Tumakuru),13.7433,76.9033,2024-07-04,2024-08-27,2024-09-22,2024-07-09,0.2338,-0.2588,70.31,True,2024-07-08,-4.99,-15.53,2024-09-17,0.235,-0.2657,3.57,False,,,,479.5,77.8,300.92,91.5,59.34,SUCCESS,
Pavagada (Tumakuru),14.1,77.2833,2024-07-10,2024-09-03,2024-09-30,2024-07-09,0.2995,-0.3067,45.83,False,,,,2024-09-29,0.3288,-0.3195,82.25,True,2024-09-30,-6.54,-13.81,268.6,35.9,276.94,99.52,-3.01,SUCCESS,
Gubbi (Tumakuru),13.3117,76.9383,2024-07-03,2024-08-26,2024-09-21,2024-07-04,0.1253,-0.1082,100.0,True,2024-07-08,-5.47,-14.13,2024-09-19,0.3766,-0.3888,16.25,False,,,,467.4,73.3,372.14,110.94,25.6,SUCCESS,
Turuvekere (Tumakuru),13.16,76.6667,2024-07-01,2024-08-23,2024-09-18,2024-06-29,0.227,-0.218,100.0,True,2024-06-26,-6.23,-15.47,2024-09-17,0.1885,-0.1426,91.26,True,2024-09-18,-6.25,-15.27,454.4,46.5,346.07,96.15,31.3,SUCCESS,
Chikkanayakanahalli (Tumakuru),13.4167,76.6167,2024-07-02,2024-08-25,2024-09-19,2024-07-04,0.169,-0.1521,100.0,True,2024-07-01,-7.47,-15.53,2024-09-17,0.4221,-0.4227,24.97,False,,,,423.6,47.3,338.77,86.37,25.04,SUCCESS,
Bhadravati (Shivamogga),13.84,75.7,2024-06-18,2024-08-10,2024-09-05,2024-06-19,0.0467,-0.0496,100.0,True,2024-06-19,-7.0,-13.95,2024-09-07,0.0294,-0.0188,100.0,True,2024-08-30,-6.67,-13.64,692.3,187.4,496.27,128.16,39.5,SUCCESS,
Shikaripura (Shivamogga),14.27,75.35,2024-06-20,2024-08-14,2024-09-08,2024-06-24,0.4316,-0.4168,0.0,False,,,,2024-09-02,0.4111,-0.3759,94.42,True,2024-09-11,-6.78,-14.76,755.9,216.6,649.8,138.63,16.33,SUCCESS,
Soraba (Shivamogga),14.3833,75.1,2024-06-15,2024-08-08,2024-09-02,2024-06-14,0.2678,-0.2303,100.0,True,2024-06-19,-8.25,-15.35,2024-09-02,0.216,-0.1722,100.0,True,2024-08-30,-7.94,-15.28,919.9,215.1,872.26,198.59,5.46,SUCCESS,
Sagar (Shivamogga),14.1667,75.0333,2024-06-16,2024-08-09,2024-09-04,2024-06-14,0.0676,-0.0524,100.0,True,2024-06-19,-6.92,-14.64,2024-09-02,0.077,-0.0435,100.0,True,2024-08-30,-6.91,-14.66,1173.3,249.1,1198.43,312.29,-2.1,SUCCESS,
Thirthahalli (Shivamogga),13.7,75.2333,2024-06-12,2024-08-05,2024-09-01,2024-06-14,0.3569,-0.3141,100.0,True,2024-06-07,-7.44,-14.28,2024-09-02,0.6571,-0.5671,0.0,False,,,,1301.6,272.7,1145.55,306.1,13.62,SUCCESS,
Nanjangud (Mysuru),12.1167,76.6833,2024-06-25,2024-08-18,2024-09-14,2024-06-24,-0.026,0.0425,100.0,True,2024-06-26,-6.22,-13.99,2024-09-12,0.3463,-0.3417,12.28,False,,,,435.5,62.3,295.68,78.42,47.29,SUCCESS,
Hunsur (Mysuru),12.31,76.29,2024-06-22,2024-08-15,2024-09-10,2024-06-19,0.4176,-0.4032,26.06,False,,,,2024-09-12,0.412,-0.3965,45.0,False,,,,527.8,130.7,442.2,108.08,19.36,SUCCESS,
Piriyapatna (Mysuru),12.34,76.1,2024-06-20,2024-08-12,2024-09-08,2024-06-19,0.2577,-0.2174,100.0,True,2024-06-19,-6.8,-15.41,2024-09-02,0.5966,-0.513,0.0,False,,,,599.7,161.5,738.34,187.91,-18.78,SUCCESS,
T. Narasipura (Mysuru),12.2133,76.9033,2024-06-28,2024-08-20,2024-09-16,2024-06-26,0.0609,-0.0593,100.0,True,2024-06-26,-6.62,-15.16,2024-09-19,0.3164,-0.3148,31.91,False,,,,381.5,60.5,303.98,85.75,25.5,SUCCESS,
Heggadadevankote (Mysuru),11.9167,76.3333,2024-06-24,2024-08-16,2024-09-12,2024-06-19,0.4497,-0.4125,73.04,True,2024-06-26,-6.97,-13.6,2024-09-17,0.6992,-0.6232,28.27,False,,,,571.9,90.0,509.97,127.85,12.14,SUCCESS,
Maddur (Mandya),12.5833,77.05,2024-07-02,2024-08-24,2024-09-20,2024-07-01,0.0463,-0.0434,100.0,True,2024-06-26,-7.91,-14.71,2024-09-19,0.4045,-0.3887,28.54,False,,,,448.6,63.6,313.95,93.53,42.89,SUCCESS,
Malavalli (Mandya),12.3867,77.0567,2024-07-05,2024-08-28,2024-09-24,2024-07-06,0.0488,-0.0485,100.0,True,2024-07-08,-6.64,-14.24,2024-09-19,0.1824,-0.156,97.88,True,2024-09-18,-7.06,-14.72,382.3,60.5,314.14,93.08,21.7,SUCCESS,
Pandavapura (Mandya),12.4933,76.6667,2024-06-28,2024-08-21,2024-09-17,2024-06-29,0.1436,-0.1309,100.0,True,2024-06-26,-8.09,-15.1,2024-09-12,0.4896,-0.4573,36.3,False,,,,402.3,34.9,301.03,82.13,33.64,SUCCESS,
Krishnarajpet (Mandya),12.66,76.49,2024-06-30,2024-08-22,2024-09-18,2024-06-24,0.294,-0.2679,96.32,True,2024-07-01,-5.33,-14.1,2024-09-22,0.4355,-0.4299,0.86,False,,,,461.0,62.2,375.67,105.51,22.71,SUCCESS,
Kollegal (Chamarajanagar),12.155,77.1183,2024-07-06,2024-08-30,2024-09-26,2024-07-06,0.0611,-0.06,100.0,True,2024-07-08,-6.91,-15.94,2024-09-19,0.3899,-0.3434,0.0,False,,,,377.8,43.2,305.17,89.99,23.8,SUCCESS,
Gundlupet (Chamarajanagar),11.8,76.6833,2024-06-26,2024-08-19,2024-09-15,2024-06-26,0.0414,-0.0417,100.0,True,2024-06-26,-7.05,-14.22,2024-09-17,0.397,-0.3915,55.06,True,2024-09-18,-8.33,-15.34,411.3,54.1,337.85,90.51,21.74,SUCCESS,
Channarayapatna (Hassan),12.9033,76.39,2024-07-01,2024-08-24,2024-09-20,2024-06-29,0.1222,-0.1186,100.0,True,2024-07-01,-4.56,-14.97,2024-09-17,0.1935,-0.2021,79.34,True,2024-09-18,-5.38,-15.5,395.0,39.1,380.66,97.59,3.77,SUCCESS,
Arsikere (Hassan),13.3133,76.2567,2024-06-28,2024-08-20,2024-09-16,2024-06-29,0.0194,-0.0231,100.0,True,2024-07-01,-5.61,-14.55,2024-09-17,0.3404,-0.348,11.9,False,,,,533.4,78.4,375.87,96.04,41.91,SUCCESS,
Holenarasipura (Hassan),12.79,76.24,2024-06-26,2024-08-18,2024-09-14,2024-06-19,0.299,-0.2699,91.31,True,2024-07-01,-5.7,-15.26,2024-09-17,0.278,-0.2497,47.15,False,,,,412.5,70.1,408.55,106.89,0.97,SUCCESS,
Kadur (Chikkamagaluru),13.55,76.01,2024-06-25,2024-08-17,2024-09-12,2024-06-24,0.0128,-0.0072,100.0,True,2024-06-19,-5.87,-15.04,2024-09-17,0.2132,-0.2261,84.77,True,2024-09-11,-6.07,-15.13,461.0,112.5,412.59,99.92,11.73,SUCCESS,
Tarikere (Chikkamagaluru),13.7167,75.8167,2024-06-22,2024-08-15,2024-09-10,2024-06-24,0.0977,-0.0638,100.0,True,2024-06-19,-9.83,-17.21,2024-09-12,0.3456,-0.2484,38.62,False,,,,635.6,156.3,485.14,116.04,31.01,SUCCESS,
Gauribidanur (Chikkaballapur),13.6117,77.5183,2024-07-04,2024-08-27,2024-09-22,2024-07-06,0.0103,0.0368,100.0,True,2024-07-08,-5.07,-14.6,2024-09-19,0.311,-0.3368,2.56,False,,,,487.6,80.0,326.63,99.33,49.28,SUCCESS,
