village_name,district,taluk,latitude,longitude,sowing_date,loss_window_start,loss_window_end,season,year,pre_loss_ndvi,post_loss_ndvi,ndvi_change,ndvi_reliable,pre_loss_ndwi,post_loss_ndwi,s2_cloud_pct_pre,s2_cloud_pct_post,s1_vv_db_pre,s1_vh_db_pre,s1_vv_db_post,s1_vh_db_post,s1_fallback_used,actual_rainfall_mm,normal_rainfall_mm,rainfall_deficit_pct,drought_rainfall_flag,ksdma_officially_declared_drought,ksdma_drought_severity,crop_name,des_historical_avg_yield_kg_ha,des_current_yield_kg_ha,des_yield_loss_pct,pmfby_claims_reported,pmfby_claim_amount_inr,pmfby_sum_insured_inr,ndvi_supports_loss,rainfall_supports_drought,ksdma_supports_loss,yield_supports_loss,multimodal_verdict,fraud_label,fraud_confidence,fraud_reason,llm_explanation,llm_is_simulated
Devihosur (Haveri),Haveri,Devihosur,14.7833,75.3833,2024-06-20,2024-08-15,2024-09-10,Kharif,2024,0.2477,0.3734,,False,-0.2316,-0.3224,99.22,97.84,-10.2,-17.37,-8.19,-14.48,1,631.7,404.01,-56.36,0,,,Rice,,2091.0,,3,76483.26000000001,126000,FALSE,False,NO_DATA,NO_DATA,INCONCLUSIVE,MISMATCH,HIGH,"No significant SAR_VV change observed (delta=2.01, threshold=-0.5), contradicting crop loss claim.","The claim is labeled **INCONCLUSIVE**.  
NDVI was unreliable because cloud cover exceeded 50 %, so SAR VV backscatter was used as the vegetation",False
Savanur (Haveri),Haveri,Savanur,14.975,75.335,2024-06-18,2024-08-10,2024-09-05,Kharif,2024,0.027,-0.0245,,False,-0.0362,0.0509,100.0,100.0,-6.6,-14.39,-6.3,-13.94,1,586.4,446.34,-31.38,0,,,Rice,,2091.0,,3,99366.73,180000,FALSE,False,NO_DATA,NO_DATA,INCONCLUSIVE,MISMATCH,HIGH,"No significant SAR_VV change observed (delta=0.30, threshold=-0.5), contradicting crop loss claim.","The claim is labeled **INCONCLUSIVE**.  
NDVI was unreliable because cloud cover exceeded 50 %, so SAR VV backscatter was used as the vegetation proxy, indicating a vegetation change of 0.30 dB.  
Rainfall deficit was",False
Gokak (Belagavi),Belagavi,Gokak,16.1667,74.8333,2024-06-25,2024-08-20,2024-09-15,Kharif,2024,0.0323,0.3644,,False,-0.0239,-0.3839,100.0,40.98,,,,,1,483.6,411.66,-17.48,0,,,Rice,,2561.0,,4,63170.51,222000,NO_DATA,False,NO_DATA,NO_DATA,INCONCLUSIVE,INCONCLUSIVE,LOW,NDVI is cloud-contaminated (ndvi_reliable=False) and no SAR VV/VH fallback data is available. Cannot evaluate vegetation loss.,The claim is marked **INCONCLUSIVE** because the NDVI data was unreliable due to cloud cover,False
Ramdurg (Belagavi),Belagavi,Ramdurg,15.95,75.2833,2024-06-22,2024-08-12,2024-09-08,Kharif,2024,-0.0368,0.4713,,False,0.057,-0.4101,100.0,100.0,-9.9,-16.84,-9.04,-15.33,1,488.8,320.73,-52.4,0,,,Rice,,2561.0,,1,30901.11,65000,FALSE,False,NO_DATA,NO_DATA,INCONCLUSIVE,MISMATCH,HIGH,"No significant SAR_VV change observed (delta=0.86, threshold=-0.5), contradicting crop loss claim.",The claim,False
Athani (Belagavi),Belagavi,Athani,16.7267,75.0633,2024-07-05,2024-09-01,2024-09-25,Kharif,2024,0.0413,0.1969,,False,-0.0387,-0.1822,100.0,74.08,-4.88,-13.97,-3.69,-13.06,1,607.0,351.45,-72.71,0,,,Rice,,2561.0,,3,63538.65,157000,FALSE,False,NO_DATA,NO_DATA,INCONCLUSIVE,MISMATCH,HIGH,"No significant SAR_VV change observed (delta=1.19, threshold=-0.5), contradicting crop loss claim.",The claim is labeled INCON,False
Annigeri (Dharwad),Dharwad,Annigeri,15.4333,75.4333,2024-07-01,2024-08-25,2024-09-20,Kharif,2024,0.0803,0.0389,,False,-0.0549,-0.0311,100.0,100.0,-8.07,-16.17,-6.81,-14.54,1,494.7,353.39,-39.99,0,,,Rice,,1351.0,,4,102036.83,207000,FALSE,False,NO_DATA,NO_DATA,INCONCLUSIVE,MISMATCH,HIGH,"No significant SAR_VV change observed (delta=1.26, threshold=-0.5), contradicting crop loss claim.","NDVI was unreliable because cloud cover exceeded 50 %, so SAR VV backscatter was used as the vegetation proxy. The vegetation change value was 1.26 dB, and the rainfall deficit was –39.99 %. KSDMA drought declaration",False
Kundgol (Dharwad),Dharwad,Kundgol,15.2567,75.25,2024-06-28,2024-08-20,2024-09-15,Kharif,2024,0.0171,0.0549,,False,-0.0136,-0.0344,100.0,100.0,-7.31,-15.47,-7.2,-14.56,1,580.1,427.61,-35.66,0,,,Rice,,1351.0,,4,147925.72,200000,FALSE,False,NO_DATA,NO_DATA,INCONCLUSIVE,MISMATCH,HIGH,"No significant SAR_VV change observed (delta=0.11, threshold=-0.5), contradicting crop loss claim.","The claim is marked as INCONCLUSIVE. Because cloud cover exceeded 50 %, NDVI was unreliable and SAR VV backscatter was used as the vegetation proxy, showing a vegetation change of 0.11 dB. The rainfall",False
Navalgund (Dharwad),Dharwad,Navalgund,15.5667,75.35,2024-07-03,2024-08-28,2024-09-22,Kharif,2024,0.0489,0.1556,,False,-0.0424,-0.1468,100.0,100.0,-10.45,-18.72,-8.0,-14.88,1,481.7,357.18,-34.86,0,,,Rice,,1351.0,,3,97586.96,165000,FALSE,False,NO_DATA,NO_DATA,INCONCLUSIVE,MISMATCH,HIGH,"No significant SAR_VV change observed (delta=2.45, threshold=-0.5), contradicting crop loss claim.","The claim is labeled INCONCLUSIVE. Because NDVI was unreliable due to more than 50 % cloud cover, SAR VV backscatter was used as the vegetation proxy, indicating a vegetation change of 2.45 dB. The rainfall deficit is –34.86 %, with no KSDMA drought declaration and no historical yield",False
Aland (Kalaburagi),Kalaburagi,Aland,17.5667,76.5667,2024-06-15,2024-08-10,2024-09-05,Kharif,2024,0.0287,0.0063,,False,-0.0216,0.0343,100.0,100.0,-5.07,-13.62,-4.91,-13.68,1,822.3,430.72,-90.91,0,,,Rice,,2563.0,,1,41892.65,50000,FALSE,False,NO_DATA,NO_DATA,INCONCLUSIVE,MISMATCH,HIGH,"No significant SAR_VV change observed (delta=0.16, threshold=-0.5), contradicting crop loss claim.",The claim is labeled INCONCLUSIVE,False
Chincholi (Kalaburagi),Kalaburagi,Chincholi,17.4667,77.4167,2024-06-12,2024-08-05,2024-09-01,Kharif,2024,0.1383,-0.0068,,False,-0.1383,-0.0006,100.0,100.0,-7.93,-15.91,-7.11,-14.9,1,847.4,521.67,-62.44,0,,,Rice,,2563.0,,3,86678.2,135000,FALSE,False,NO_DATA,NO_DATA,INCONCLUSIVE,MISMATCH,HIGH,"No significant SAR_VV change observed (delta=0.82, threshold=-0.5), contradicting crop loss claim.","The claim is labeled INCONCLUSIVE. Because NDVI was unreliable due to more than 50 % cloud cover, SAR VV backscatter was used as the vegetation proxy, indicating a vegetation change of",False
Sedam (Kalaburagi),Kalaburagi,Sedam,17.1833,76.9333,2024-06-18,2024-08-08,2024-09-03,Kharif,2024,0.0681,-0.0053,,False,-0.0584,-0.0074,100.0,100.0,-11.21,-20.65,-10.18,-18.68,1,753.1,413.91,-81.95,0,,,Rice,,2563.0,,3,113755.22,157000,FALSE,False,NO_DATA,NO_DATA,INCONCLUSIVE,MISMATCH,HIGH,"No significant SAR_VV change observed (delta=1.03, threshold=-0.5), contradicting crop loss claim.",,False
Afzalpur (Kalaburagi),Kalaburagi,Afzalpur,17.2,76.3667,2024-06-20,2024-08-15,2024-09-10,Kharif,2024,0.0584,0.4199,,False,-0.0511,-0.3646,100.0,95.0,-8.44,-15.9,-7.51,-14.3,1,741.6,412.47,-79.79,0,,,Rice,,2563.0,,1,20517.81,50000,FALSE,False,NO_DATA,NO_DATA,INCONCLUSIVE,MISMATCH,HIGH,"No significant SAR_VV change observed (delta=0.93, threshold=-0.5), contradicting crop loss claim.",,False
Sindhanur (Raichur),Raichur,Sindhanur,15.7667,76.7667,2024-07-10,2024-09-01,2024-09-30,Kharif,2024,0.1669,0.4324,,False,-0.1527,-0.425,100.0,0.0,-8.51,-17.5,,,1,445.7,318.97,-39.73,0,,,Rice,,3755.0,,1,32467.36,42000,NO_DATA,False,NO_DATA,NO_DATA,INCONCLUSIVE,INCONCLUSIVE,LOW,NDVI is cloud-contaminated (ndvi_reliable=False) and no SAR VV/VH fallback data is available. Cannot evaluate vegetation loss.,,False
Manvi (Raichur),Raichur,Manvi,15.9833,76.5333,2024-07-08,2024-08-28,2024-09-25,Kharif,2024,0.3033,0.1217,,False,-0.3396,-0.0973,69.95,100.0,-9.56,-17.3,-9.52,-16.67,1,396.5,291.2,-36.16,0,,,Rice,,3755.0,,1,37717.16,42000,FALSE,False,NO_DATA,NO_DATA,INCONCLUSIVE,MISMATCH,HIGH,"No significant SAR_VV change observed (delta=0.04, threshold=-0.5), contradicting crop loss claim.","NDVI was unreliable because cloud cover exceeded 50%, so SAR VV backscatter was used as the vegetation proxy. The vegetation change value measured was 0.04 dB, while the rainfall deficit was –36.16 %. No KSDMA drought declaration",False
Devadurga (Raichur),Raichur,Devadurga,15.75,76.4833,2024-07-05,2024-08-25,2024-09-20,Kharif,2024,0.0353,-0.092,,False,-0.0408,0.1498,100.0,100.0,-9.81,-18.93,-7.74,-16.01,1,311.0,270.19,-15.1,0,,,Rice,,3755.0,,2,0.0,100000,FALSE,False,NO_DATA,NO_DATA,INCONCLUSIVE,MISMATCH,HIGH,"No significant SAR_VV change observed (delta=2.07, threshold=-0.5), contradicting crop loss claim.","The claim is marked as inconclusive. NDVI was unreliable because cloud cover exceeded 50%, so SAR VV backscatter was used as the vegetation proxy, showing a vegetation change of 2.07 dB",False
Lingsugur (Raichur),Raichur,Lingsugur,16.1567,76.5233,2024-07-12,2024-09-05,2024-10-01,Kharif,2024,0.0125,0.3365,,False,-0.0122,-0.3452,100.0,0.0,-7.39,-15.45,,,1,436.9,333.73,-30.91,0,,,Rice,,3755.0,,1,23030.46,35000,NO_DATA,False,NO_DATA,NO_DATA,INCONCLUSIVE,INCONCLUSIVE,LOW,NDVI is cloud-contaminated (ndvi_reliable=False) and no SAR VV/VH fallback data is available. Cannot evaluate vegetation loss.,,False
Gangavathi (Koppal),Koppal,Gangavathi,15.4317,76.5317,2024-07-01,2024-08-25,2024-09-18,Kharif,2024,0.1691,0.044,,False,-0.1667,-0.0164,100.0,100.0,-5.19,-15.18,-5.01,-14.87,1,310.8,265.66,-16.99,0,,,Rice,,4243.0,,3,0.0,165000,FALSE,False,NO_DATA,NO_DATA,INCONCLUSIVE,MISMATCH,HIGH,"No significant SAR_VV change observed (delta=0.18, threshold=-0.5), contradicting crop loss claim.","The claim is labeled INCONCLUSIVE. Because of heavy cloud cover (>50 %), NDVI was unreliable and SAR VV backscatter was used to assess vegetation,",False
Kushtagi (Koppal),Koppal,Kushtagi,15.7567,76.1917,2024-07-06,2024-08-30,2024-09-25,Kharif,2024,0.1091,0.1946,,False,-0.1042,-0.2005,100.0,100.0,-7.04,-16.13,-5.79,-15.14,1,435.3,308.95,-40.9,0,,,Rice,,4243.0,,1,44727.18,65000,FALSE,False,NO_DATA,NO_DATA,INCONCLUSIVE,MISMATCH,HIGH,"No significant SAR_VV change observed (delta=1.25, threshold=-0.5), contradicting crop loss claim.","The claim is marked as **INCONCLUSIVE**. Because NDVI was unreliable due to over 50 % cloud cover, SAR VV backscatter was used as the vegetation proxy, indicating a vegetation change of 1.25 dB. The rainfall deficit",False
Yelburga (Koppal),Koppal,Yelburga,15.6,76.0167,2024-07-04,2024-08-27,2024-09-22,Kharif,2024,0.0638,0.2668,,False,-0.0581,-0.278,100.0,96.44,-8.79,-17.69,-8.28,-16.14,1,457.9,310.71,-47.37,0,,,Rice,,4243.0,,1,43268.41,65000,FALSE,False,NO_DATA,NO_DATA,INCONCLUSIVE,MISMATCH,HIGH,"No significant SAR_VV change observed (delta=0.51, threshold=-0.5), contradicting crop loss claim.",The claim is labeled **INCONCLUSIVE,False
Koppal Town (Koppal),Koppal,Koppal Town,15.35,76.15,2024-07-02,2024-08-22,2024-09-15,Kharif,2024,0.0916,0.1333,,False,-0.0932,-0.1116,100.0,100.0,-6.39,-14.81,-6.6,-14.97,1,397.6,248.5,-60.0,0,,,Rice,,4243.0,,3,131613.16,180000,FALSE,False,NO_DATA,NO_DATA,INCONCLUSIVE,MISMATCH,HIGH,"No significant SAR_VV change observed (delta=-0.21, threshold=-0.5), contradicting crop loss claim.","The claim is marked **INCONCLUSIVE**. Because NDVI was unreliable due to >50 % cloud cover, SAR VV backscatter was used as the vegetation proxy, showing a vegetation change value of",False
Indi (Vijayapura),Vijayapura,Indi,17.175,75.9533,2024-06-25,2024-08-18,2024-09-12,Kharif,2024,0.0218,0.2981,,False,-0.0003,-0.2893,100.0,99.71,-7.11,-14.39,-6.68,-14.11,1,694.5,369.77,-87.82,0,,,Rice,,3394.0,,3,48006.18,119000,FALSE,False,NO_DATA,NO_DATA,INCONCLUSIVE,MISMATCH,HIGH,"No significant SAR_VV change observed (delta=0.43, threshold=-0.5), contradicting crop loss claim.",The claim is labeled **INCONCLUSIVE**. Because NDVI was unreliable (cloud,False
Muddebihal (Vijayapura),Vijayapura,Muddebihal,16.3333,76.1333,2024-06-28,2024-08-20,2024-09-15,Kharif,2024,0.1117,0.3319,,False,-0.1174,-0.3461,100.0,43.36,-6.41,-13.95,,,1,522.0,310.71,-68.0,0,,,Rice,,3394.0,,2,36691.23,85000,NO_DATA,False,NO_DATA,NO_DATA,INCONCLUSIVE,INCONCLUSIVE,LOW,NDVI is cloud-contaminated (ndvi_reliable=False) and no SAR VV/VH fallback data is available. Cannot evaluate vegetation loss.,,False
Basavana Bagewadi (Vijayapura),Vijayapura,Basavana Bagewadi,16.5667,75.9667,2024-06-30,2024-08-22,2024-09-18,Kharif,2024,0.1708,0.3452,,False,-0.154,-0.366,100.0,52.45,-7.96,-15.53,-7.6,-14.22,1,498.0,351.53,-41.67,0,,,Rice,,3394.0,,1,62042.04,65000,FALSE,False,NO_DATA,NO_DATA,INCONCLUSIVE,MISMATCH,HIGH,"No significant SAR_VV change observed (delta=0.36, threshold=-0.5), contradicting crop loss claim.","The claim is labeled **INCONCLUSIVE**.  
Because NDVI was unreliable (cloud cover > 50 %), SAR VV back",False
Sindgi (Vijayapura),Vijayapura,Sindgi,16.9167,76.2333,2024-06-22,2024-08-14,2024-09-08,Kharif,2024,0.0813,0.1851,,False,-0.064,-0.1942,100.0,53.98,-5.89,-15.21,-5.6,-14.82,1,612.9,314.49,-94.89,0,,,Rice,,3394.0,,3,82728.43,127000,FALSE,False,NO_DATA,NO_DATA,INCONCLUSIVE,MISMATCH,HIGH,"No significant SAR_VV change observed (delta=0.29, threshold=-0.5), contradicting crop loss claim.",,False
Ron (Gadag),Gadag,Ron,15.6833,75.7333,2024-06-28,2024-08-22,2024-09-16,Kharif,2024,0.1358,0.2652,,False,-0.1066,-0.3174,100.0,39.48,-8.73,-16.96,,,1,477.4,328.26,-45.43,0,,,Rice,,3106.0,,2,25797.54,70000,NO_DATA,False,NO_DATA,NO_DATA,INCONCLUSIVE,INCONCLUSIVE,LOW,NDVI is cloud-contaminated (ndvi_reliable=False) and no SAR VV/VH fallback data is available. Cannot evaluate vegetation loss.,,False
Mundargi (Gadag),Gadag,Mundargi,15.2083,75.8833,2024-07-02,2024-08-26,2024-09-20,Kharif,2024,0.0919,0.0422,,False,-0.0993,-0.0314,100.0,100.0,-8.3,-14.72,-7.24,-13.46,1,372.0,278.52,-33.56,0,,,Rice,,3106.0,,4,113769.22,200000,FALSE,False,NO_DATA,NO_DATA,INCONCLUSIVE,MISMATCH,HIGH,"No significant SAR_VV change observed (delta=1.06, threshold=-0.5), contradicting crop loss claim.","NDVI was unreliable because cloud cover exceeded 50 %, so SAR VV backscatter was used as the vegetation proxy. The vegetation change value measured 1.06 dB,",False
Nargund (Gadag),Gadag,Nargund,15.7167,75.3833,2024-06-25,2024-08-18,2024-09-12,Kharif,2024,0.0145,0.2238,,False,0.0075,-0.2242,100.0,89.64,-7.44,-15.32,-7.28,-14.84,1,470.6,328.04,-43.46,0,,,Rice,,3106.0,,2,41090.55,77000,FALSE,False,NO_DATA,NO_DATA,INCONCLUSIVE,MISMATCH,HIGH,"No significant SAR_VV change observed (delta=0.16, threshold=-0.5), contradicting crop loss claim.",The,False
Shirhatti (Gadag),Gadag,Shirhatti,15.2333,75.5667,2024-07-01,2024-08-24,2024-09-18,Kharif,2024,0.0719,0.1925,,False,-0.0739,-0.1644,100.0,100.0,-8.94,-17.0,-7.96,-14.07,1,506.8,360.41,-40.62,0,,,Rice,,3106.0,,1,17589.02,42000,FALSE,False,NO_DATA,NO_DATA,INCONCLUSIVE,MISMATCH,HIGH,"No significant SAR_VV change observed (delta=0.98, threshold=-0.5), contradicting crop loss claim.","NDVI was unreliable because more than 50 % of the area was cloud‑contaminated, so SAR VV backscatter was used as the vegetation proxy. The vegetation change value was 0.98 dB, and the rainfall deficit was –40.62 %. No",False
Ranebennur (Haveri),Haveri,Ranebennur,14.62,75.63,2024-06-22,2024-08-16,2024-09-10,Kharif,2024,-0.0001,0.2048,,False,0.0282,-0.2163,100.0,83.92,-6.11,-14.4,-5.9,-14.17,1,596.2,416.93,-43.0,0,,,Rice,,2091.0,,1,13316.39,42000,FALSE,False,NO_DATA,NO_DATA,INCONCLUSIVE,MISMATCH,HIGH,"No significant SAR_VV change observed (delta=0.21, threshold=-0.5), contradicting crop loss claim.","The claim is labeled **INCONCLUSIVE**. Because NDVI was unreliable due to over 50 % cloud cover, SAR VV backscatter was used as the vegetation",False
Byadgi (Haveri),Haveri,Byadgi,14.6733,75.4867,2024-06-24,2024-08-18,2024-09-12,Kharif,2024,0.2142,0.1457,,False,-0.2103,-0.1194,100.0,100.0,-6.92,-14.85,-6.28,-14.26,1,672.3,390.26,-72.27,0,,,Rice,,2091.0,,4,164268.19,230000,FALSE,False,NO_DATA,NO_DATA,INCONCLUSIVE,MISMATCH,HIGH,"No significant SAR_VV change observed (delta=0.64, threshold=-0.5), contradicting crop loss claim.","NDVI was unreliable because cloud cover exceeded 50%, so SAR VV backscatter was used as the vegetation proxy. The vegetation change value was 0.64 dB, and the rainfall deficit was –72.27 %. No KSDMA drought declaration is available, and DES historical",False
Hangal (Haveri),Haveri,Hangal,14.7633,75.1233,2024-06-20,2024-08-14,2024-09-08,Kharif,2024,0.1554,0.0028,,False,-0.1481,0.0272,100.0,100.0,-6.56,-14.72,-5.51,-13.74,1,794.2,684.53,-16.02,0,,,Rice,,2091.0,,1,17561.86,50000,FALSE,False,NO_DATA,NO_DATA,INCONCLUSIVE,MISMATCH,HIGH,"No significant SAR_VV change observed (delta=1.05, threshold=-0.5), contradicting crop loss claim.",The claim is,False
Hirekerur (Haveri),Haveri,Hirekerur,14.4567,75.3933,2024-06-26,2024-08-20,2024-09-15,Kharif,2024,0.0728,0.4563,,False,-0.0534,-0.4309,100.0,31.49,-7.1,-14.93,,,1,639.8,465.92,-37.32,0,,,Rice,,2091.0,,3,68252.57,157000,NO_DATA,False,NO_DATA,NO_DATA,INCONCLUSIVE,INCONCLUSIVE,LOW,NDVI is cloud-contaminated (ndvi_reliable=False) and no SAR VV/VH fallback data is available. Cannot evaluate vegetation loss.,The claim is marked as **IN,False
Bellary Town (Bellary),Bellary,Bellary Town,15.1394,76.9214,2024-07-08,2024-09-01,2024-09-28,Kharif,2024,0.2712,0.1367,,False,-0.2995,-0.1414,26.01,100.0,,,-3.74,-13.1,1,349.1,268.86,-29.84,0,,,Rice,,4113.0,,2,59246.11,77000,NO_DATA,False,NO_DATA,NO_DATA,INCONCLUSIVE,INCONCLUSIVE,LOW,NDVI is cloud-contaminated (ndvi_reliable=False) and no SAR VV/VH fallback data is available. Cannot evaluate vegetation loss.,,False
Hospet (Bellary),Bellary,Hospet,15.2689,76.3909,2024-07-05,2024-08-28,2024-09-22,Kharif,2024,0.0985,0.2455,,False,-0.0934,-0.2676,100.0,15.63,-6.11,-13.52,,,1,357.9,265.14,-34.99,0,,,Rice,,4113.0,,4,113902.61,192000,NO_DATA,False,NO_DATA,NO_DATA,INCONCLUSIVE,INCONCLUSIVE,LOW,NDVI is cloud-contaminated (ndvi_reliable=False) and no SAR VV/VH fallback data is available. Cannot evaluate vegetation loss.,,False
Sandur (Bellary),Bellary,Sandur,15.0833,76.55,2024-07-10,2024-09-03,2024-09-30,Kharif,2024,0.0833,0.2726,,False,-0.0569,-0.2423,100.0,98.05,-7.32,-15.54,-5.52,-12.98,1,406.7,356.03,-14.23,0,,,Rice,,4113.0,,3,0.0,142000,FALSE,False,NO_DATA,NO_DATA,INCONCLUSIVE,MISMATCH,HIGH,"No significant SAR_VV change observed (delta=1.80, threshold=-0.5), contradicting crop loss claim.","The claim is labeled INCONCLUSIVE. NDVI was unreliable because cloud cover exceeded 50%, so SAR VV backscatter was used as the vegetation proxy, indicating a vegetation change of 1.80 dB. Rainfall deficit was –14.23 %, with",False
Siruguppa (Bellary),Bellary,Siruguppa,15.6333,76.8967,2024-07-12,2024-09-05,2024-10-01,Kharif,2024,0.0864,0.4161,,False,-0.0893,-0.4067,100.0,0.0,-7.7,-16.14,,,1,383.8,315.79,-21.54,0,,,Rice,,4113.0,,2,0.0,77000,NO_DATA,False,NO_DATA,NO_DATA,INCONCLUSIVE,INCONCLUSIVE,LOW,NDVI is cloud-contaminated (ndvi_reliable=False) and no SAR VV/VH fallback data is available. Cannot evaluate vegetation loss.,,False
Shorapur (Yadgir),Yadgir,Shorapur,16.52,76.76,2024-06-20,2024-08-15,2024-09-10,Kharif,2024,0.08,0.2432,,False,-0.0832,-0.2405,100.0,88.88,-7.15,-15.35,-6.68,-14.97,1,733.1,354.6,-106.74,0,,,Rice,,3642.0,,2,105553.88,115000,FALSE,False,NO_DATA,NO_DATA,INCONCLUSIVE,MISMATCH,HIGH,"No significant SAR_VV change observed (delta=0.47, threshold=-0.5), contradicting crop loss claim.","The claim is labeled **INCONCLUSIVE**. Because cloud cover exceeded 50%, NDVI was unreliable, so SAR VV backscatter",False
Shahapur (Yadgir),Yadgir,Shahapur,16.6933,76.8433,2024-06-18,2024-08-12,2024-09-06,Kharif,2024,0.1675,0.3512,,False,-0.1688,-0.3418,100.0,90.98,-6.14,-15.28,-5.43,-14.6,1,689.5,371.75,-85.47,0,,,Rice,,3642.0,,2,86241.66,115000,FALSE,False,NO_DATA,NO_DATA,INCONCLUSIVE,MISMATCH,HIGH,"No significant SAR_VV change observed (delta=0.71, threshold=-0.5), contradicting crop loss claim.","NDVI was unreliable because cloud cover exceeded 50%, so SAR VV backscatter was used as the vegetation proxy. The vegetation change value was 0.71 dB, and the rainfall deficit was –85.47 %. Drought declaration status and historical yield loss data are not available.",False
Hunasagi (Yadgir),Yadgir,Hunasagi,16.35,76.4667,2024-06-25,2024-08-20,2024-09-15,Kharif,2024,0.1001,0.6924,,False,-0.0741,-0.6307,100.0,7.59,-10.45,-18.79,,,1,537.7,332.54,-61.69,0,,,Rice,,3642.0,,4,134608.44,177000,NO_DATA,False,NO_DATA,NO_DATA,INCONCLUSIVE,INCONCLUSIVE,LOW,NDVI is cloud-contaminated (ndvi_reliable=False) and no SAR VV/VH fallback data is available. Cannot evaluate vegetation loss.,"The claim is labeled INCONCLUSIVE. Because NDVI was unreliable due to cloud cover, SAR VV backscatter was used as the vegetation proxy, but the vegetation change value is not available. The rainfall deficit is –61.69",False
Surapura (Yadgir),Yadgir,Surapura,16.4333,76.8,2024-06-22,2024-08-16,2024-09-10,Kharif,2024,0.0372,0.1243,,False,-0.0185,-0.0888,100.0,100.0,-7.4,-17.66,-9.59,-17.45,1,616.3,350.93,-75.62,0,,,Rice,,3642.0,,1,34482.52,65000,TRUE,False,NO_DATA,NO_DATA,INCONCLUSIVE,INCONCLUSIVE,LOW,"Signals are mixed, partially missing, or do not cross deterministic thresholds for confident classification.",,False
Jamkhandi (Bagalkot),Bagalkot,Jamkhandi,16.5,75.2833,2024-06-28,2024-08-22,2024-09-16,Kharif,2024,0.0738,0.4793,,False,-0.071,-0.5084,100.0,5.27,-8.82,-15.74,,,1,519.6,338.17,-53.65,0,,,Rice,,3394.0,,2,47522.28,100000,NO_DATA,False,NO_DATA,NO_DATA,INCONCLUSIVE,INCONCLUSIVE,LOW,NDVI is cloud-contaminated (ndvi_reliable=False) and no SAR VV/VH fallback data is available. Cannot evaluate vegetation loss.,The claim is labeled INCONCLUSIVE. Because NDVI was unreliable (cloud cover >50 ,False
Badami (Bagalkot),Bagalkot,Badami,15.9167,75.6833,2024-07-01,2024-08-25,2024-09-20,Kharif,2024,-0.0485,0.2292,,False,0.0767,-0.2266,100.0,82.44,-9.19,-16.5,-9.38,-16.11,1,514.7,318.52,-61.59,0,,,Rice,,3394.0,,1,42598.62,65000,FALSE,False,NO_DATA,NO_DATA,INCONCLUSIVE,MISMATCH,HIGH,"No significant SAR_VV change observed (delta=-0.19, threshold=-0.5), contradicting crop loss claim.","The claim is labeled **INCONCLUSIVE**.  
Because NDVI was unreliable (cloud cover > 50 %), SAR VV backscatter was used as the vegetation proxy.  
The vegetation signal decreased by –0.19 dB, rainfall was –61.59",False
Bilgi (Bagalkot),Bagalkot,Bilgi,16.35,75.6167,2024-06-30,2024-08-24,2024-09-18,Kharif,2024,0.2158,0.3475,,False,-0.2157,-0.3557,100.0,12.07,-7.65,-16.13,,,1,492.7,342.73,-43.76,0,,,Rice,,3394.0,,1,22731.37,50000,NO_DATA,False,NO_DATA,NO_DATA,INCONCLUSIVE,INCONCLUSIVE,LOW,NDVI is cloud-contaminated (ndvi_reliable=False) and no SAR VV/VH fallback data is available. Cannot evaluate vegetation loss.,The claim is marked as INCONCLUSIVE. Because NDVI was unreliable due to over 50 %,False
Mudhol (Bagalkot),Bagalkot,Mudhol,16.3333,75.2833,2024-06-26,2024-08-18,2024-09-12,Kharif,2024,0.0723,0.2925,,False,-0.0638,-0.3065,100.0,30.69,-6.62,-14.26,,,1,544.3,330.37,-64.75,0,,,Rice,,3394.0,,2,68039.11,85000,NO_DATA,False,NO_DATA,NO_DATA,INCONCLUSIVE,INCONCLUSIVE,LOW,NDVI is cloud-contaminated (ndvi_reliable=False) and no SAR VV/VH fallback data is available. Cannot evaluate vegetation loss.,,False
Shiggaon (Haveri),Haveri,Shiggaon,14.9917,75.225,2024-06-19,2024-08-13,2024-09-07,Kharif,2024,0.1021,0.2972,,False,-0.1053,-0.2856,100.0,99.62,-6.85,-14.72,-6.48,-14.19,1,648.9,451.94,-43.58,0,,,Rice,,2091.0,,4,107296.93,185000,FALSE,False,NO_DATA,NO_DATA,INCONCLUSIVE,MISMATCH,HIGH,"No significant SAR_VV change observed (delta=0.37, threshold=-0.5), contradicting crop loss claim.","The claim is labeled **INCONCLUSIVE**.  
Because NDVI was unreliable (cloud cover >",False
Hubballi Rural (Dharwad),Dharwad,Hubballi Rural,15.3647,75.124,2024-07-02,2024-08-26,2024-09-20,Kharif,2024,0.0731,-0.0098,,False,-0.0643,0.0171,100.0,100.0,-7.2,-13.47,-6.95,-13.35,1,605.2,454.31,-33.21,0,,,Rice,,1351.0,,3,110753.29,142000,FALSE,False,NO_DATA,NO_DATA,INCONCLUSIVE,MISMATCH,HIGH,"No significant SAR_VV change observed (delta=0.25, threshold=-0.5), contradicting crop loss claim.","NDVI was unreliable because cloud cover exceeded 50 %, so SAR VV backscatter was used as the vegetation proxy. The vegetation signal shows a change of 0.25 dB, while rainfall was 33.21 % below normal. No KSDMA drought declaration is",False
Kalghatgi (Dharwad),Dharwad,Kalghatgi,15.1833,74.9667,2024-07-05,2024-08-30,2024-09-24,Kharif,2024,0.0522,0.1917,,False,-0.0459,-0.1549,100.0,94.02,-6.65,-14.02,-6.87,-13.96,1,863.5,451.35,-91.31,0,,,Rice,,1351.0,,4,93089.35,162000,FALSE,False,NO_DATA,NO_DATA,INCONCLUSIVE,MISMATCH,HIGH,"No significant SAR_VV change observed (delta=-0.22, threshold=-0.5), contradicting crop loss claim.",The claim is labeled INCONCLUSIVE. Because NDVI was unreliable (cloud cover >50,False
Jewargi (Kalaburagi),Kalaburagi,Jewargi,17.0167,76.7833,2024-06-16,2024-08-08,2024-09-02,Kharif,2024,0.0127,0.4923,,False,-0.0051,-0.434,100.0,37.22,-10.25,-19.17,,,1,724.5,375.17,-93.11,0,,,Rice,,2563.0,,1,43326.69,50000,NO_DATA,False,NO_DATA,NO_DATA,INCONCLUSIVE,INCONCLUSIVE,LOW,NDVI is cloud-contaminated (ndvi_reliable=False) and no SAR VV/VH fallback data is available. Cannot evaluate vegetation loss.,,False
Chittapur (Kalaburagi),Kalaburagi,Chittapur,17.1167,76.65,2024-06-14,2024-08-06,2024-09-01,Kharif,2024,0.0143,0.4023,,False,-0.0078,-0.3593,100.0,57.52,-8.29,-19.31,-9.78,-18.8,1,669.5,378.82,-76.73,0,,,Rice,,2563.0,,3,82970.12,142000,FALSE,False,NO_DATA,NO_DATA,INCONCLUSIVE,INCONCLUSIVE,LOW,"Signals are mixed, partially missing, or do not cross deterministic thresholds for confident classification.",,False
Shahabad (Kalaburagi),Kalaburagi,Shahabad,17.3333,76.9333,2024-06-20,2024-08-12,2024-09-08,Kharif,2024,0.1047,0.4997,,False,-0.1057,-0.4674,95.72,0.38,-10.79,-20.78,,,1,717.4,436.44,-64.38,0,,,Rice,,2563.0,,2,59572.12,92000,NO_DATA,False,NO_DATA,NO_DATA,INCONCLUSIVE,INCONCLUSIVE,LOW,NDVI is cloud-contaminated (ndvi_reliable=False) and no SAR VV/VH fallback data is available. Cannot evaluate vegetation loss.,The claim is marked incon,False
Hagaribommanahalli (Bellary),Bellary,Hagaribommanahalli,15.0383,76.2117,2024-07-06,2024-08-28,2024-09-24,Kharif,2024,0.0767,0.3796,,False,-0.0792,-0.367,100.0,79.75,-8.73,-15.26,-9.4,-15.89,1,408.8,288.53,-41.68,0,,,Rice,,4113.0,,2,41516.2,77000,FALSE,False,NO_DATA,NO_DATA,INCONCLUSIVE,INCONCLUSIVE,LOW,"Signals are mixed, partially missing, or do not cross deterministic thresholds for confident classification.","The claim is labeled INCONCLUSIVE. Because NDVI was unreliable (cloud cover >50 %), SAR VV backscatter was used as the vegetation proxy, indicating a vegetation change value of –0.67 dB. The rainfall deficit was –41.68 %, and no KSDMA drought declaration or DES historical",False
Kudligi (Bellary),Bellary,Kudligi,14.9033,76.3867,2024-07-08,2024-09-01,2024-09-28,Kharif,2024,0.0162,0.0128,,False,0.0091,-0.0038,100.0,100.0,-6.57,-15.3,-7.52,-15.81,1,481.2,350.05,-37.47,0,,,Rice,,4113.0,,3,85479.76,119000,FALSE,False,NO_DATA,NO_DATA,INCONCLUSIVE,INCONCLUSIVE,LOW,"Signals are mixed, partially missing, or do not cross deterministic thresholds for confident classification.",,False
Kampli (Bellary),Bellary,Kampli,15.4,76.6,2024-07-04,2024-08-26,2024-09-21,Kharif,2024,0.3834,-0.0929,,False,-0.3696,0.1541,7.38,100.0,,,-9.34,-16.93,1,303.7,265.33,-14.46,0,,,Rice,,4113.0,,3,0.0,150000,NO_DATA,False,NO_DATA,NO_DATA,INCONCLUSIVE,INCONCLUSIVE,LOW,NDVI is cloud-contaminated (ndvi_reliable=False) and no SAR VV/VH fallback data is available. Cannot evaluate vegetation loss.,"The claim is labeled INCONCLUSIVE. Because cloud cover exceeded 50%, NDVI was unreliable and SAR VV backscatter was used as the vegetation proxy, but the vegetation",False
Humnabad (Bidar),Bidar,Humnabad,17.7667,76.9333,2024-06-16,2024-08-10,2024-09-04,Kharif,2024,0.0428,-0.024,,False,-0.047,0.0139,100.0,100.0,-10.03,-19.48,-7.39,-14.42,1,884.5,477.64,-85.18,0,,,Rice,,1703.0,,3,101484.13,126000,FALSE,False,NO_DATA,NO_DATA,INCONCLUSIVE,MISMATCH,HIGH,"No significant SAR_VV change observed (delta=2.64, threshold=-0.5), contradicting crop loss claim.",,False
Basavakalyan (Bidar),Bidar,Basavakalyan,17.87,76.95,2024-06-14,2024-08-08,2024-09-02,Kharif,2024,0.023,-0.0197,,False,-0.0193,0.0065,100.0,100.0,-6.18,-15.03,-6.06,-15.23,1,840.9,483.41,-73.95,0,,,Rice,,1703.0,,4,132647.81,200000,FALSE,False,NO_DATA,NO_DATA,INCONCLUSIVE,MISMATCH,HIGH,"No significant SAR_VV change observed (delta=0.12, threshold=-0.5), contradicting crop loss claim.","NDVI was unreliable because cloud cover exceeded 50 %, so SAR VV backscatter was used as the vegetation proxy, showing a vegetation change of 0.12 dB. The rainfall deficit is –73.95 %, indicating a significant lack of precipitation. No K",False
Bhalki (Bidar),Bidar,Bhalki,18.0483,76.3233,2024-06-12,2024-08-05,2024-08-30,Kharif,2024,0.0085,0.086,,False,0.0072,-0.0598,100.0,100.0,-7.69,-15.99,-8.0,-15.07,1,753.9,477.18,-57.99,0,,,Rice,,1703.0,,4,119751.83,192000,FALSE,False,NO_DATA,NO_DATA,INCONCLUSIVE,MISMATCH,HIGH,"No significant SAR_VV change observed (delta=-0.31, threshold=-0.5), contradicting crop loss claim.","The claim is labeled INCONCLUSIVE. NDVI was unreliable because cloud cover exceeded 50 %, so SAR VV backscatter was used as the vegetation proxy, indicating a vegetation change of –0.31 dB. Rainfall deficit was –57.99 %, with no KSDMA drought declaration and DES historical yield loss data not available",False
Aurad (Bidar),Bidar,Aurad,17.4667,77.2167,2024-06-18,2024-08-12,2024-09-06,Kharif,2024,0.0448,0.45,,False,-0.0372,-0.3699,100.0,74.66,-10.53,-22.49,-7.77,-14.17,1,894.3,493.52,-81.21,0,,,Rice,,1703.0,,4,97391.92,185000,FALSE,False,NO_DATA,NO_DATA,INCONCLUSIVE,MISMATCH,HIGH,"No significant SAR_VV change observed (delta=2.76, threshold=-0.5), contradicting crop loss claim.","The claim is labeled **INCONCLUSIVE**.  
Because cloud cover exceeded 50 %, NDVI was unreliable and SAR VV backscatter was used as the vegetation",False
Hoovina Hadagali (Bellary),Bellary,Hoovina Hadagali,14.8,75.9333,2024-07-02,2024-08-24,2024-09-19,Kharif,2024,0.1064,0.2587,,False,-0.1145,-0.2313,100.0,42.29,-11.54,-19.97,,,1,574.4,337.48,-70.2,0,,,Rice,,4113.0,,3,109461.46,157000,NO_DATA,False,NO_DATA,NO_DATA,INCONCLUSIVE,INCONCLUSIVE,LOW,NDVI is cloud-contaminated (ndvi_reliable=False) and no SAR VV/VH fallback data is available. Cannot evaluate vegetation loss.,"The claim is marked as inconclusive. Because NDVI was unreliable due to more than 50 % cloud cover, SAR VV backscatter was used as the vegetation proxy. The rainfall deficit is reported at –70.2 %, while vegetation change and historical yield loss data are not available.",False
Gudur (Raichur),Raichur,Gudur,16.2283,76.8283,2024-07-11,2024-09-04,2024-10-01,Kharif,2024,0.2939,0.7207,0.4268,True,-0.4085,-0.6688,0.0,7.63,,,,,0,503.3,386.58,-30.19,0,,,Rice,,3755.0,,3,62069.09,172000,FALSE,False,NO_DATA,NO_DATA,INCONCLUSIVE,MISMATCH,HIGH,"No significant NDVI change observed (delta=0.43, threshold=-0.05), contradicting crop loss claim.",,False
Maski (Raichur),Raichur,Maski,15.96,76.66,2024-07-09,2024-09-02,2024-09-29,Kharif,2024,0.1597,0.259,,False,-0.1508,-0.2331,100.0,100.0,-8.08,-16.52,-7.46,-15.1,1,397.3,346.31,-14.72,0,,,Rice,,3755.0,,2,0.0,100000,FALSE,False,NO_DATA,NO_DATA,INCONCLUSIVE,MISMATCH,HIGH,"No significant SAR_VV change observed (delta=0.62, threshold=-0.5), contradicting crop loss claim.","NDVI was not reliable because cloud cover exceeded 50 %, so SAR VV backscatter was used as the vegetation proxy. The vegetation signal showed a change of 0.62 dB, while rainfall was 14.72 % below normal. No KSDMA drought declaration is available and historical yield loss data is missing.",False
Challakere (Chitradurga),Chitradurga,Challakere,14.3167,76.65,2024-07-04,2024-08-27,2024-09-22,Kharif,2024,0.2506,0.254,,False,-0.2944,-0.2731,0.0,63.52,,,-7.54,-14.73,1,300.0,236.72,-26.73,0,,,Rice,,2669.0,,4,83184.3,184000,NO_DATA,False,NO_DATA,NO_DATA,INCONCLUSIVE,INCONCLUSIVE,LOW,NDVI is cloud-contaminated (ndvi_reliable=False) and no SAR VV/VH fallback data is available. Cannot evaluate vegetation loss.,The claim is labeled **INCONCLUSIVE**. Because cloud cover,False
Hiriyur (Chitradurga),Chitradurga,Hiriyur,13.945,76.6183,2024-07-06,2024-08-29,2024-09-25,Kharif,2024,0.0512,-0.015,,False,-0.0452,0.0182,100.0,100.0,-7.57,-14.55,-8.01,-15.15,1,382.1,271.65,-40.66,0,,,Rice,,2669.0,,3,49225.18,120000,FALSE,False,NO_DATA,NO_DATA,INCONCLUSIVE,MISMATCH,HIGH,"No significant SAR_VV change observed (delta=-0.44, threshold=-0.5), contradicting crop loss claim.",,False
Holalkere (Chitradurga),Chitradurga,Holalkere,14.0333,76.1833,2024-07-01,2024-08-24,2024-09-19,Kharif,2024,0.3467,-0.0343,,False,-0.326,0.0584,87.95,100.0,-8.75,-16.45,-9.3,-16.16,1,487.3,359.1,-35.7,0,,,Rice,,2669.0,,2,74168.53,107000,FALSE,False,NO_DATA,NO_DATA,INCONCLUSIVE,INCONCLUSIVE,LOW,"Signals are mixed, partially missing, or do not cross deterministic thresholds for confident classification.",The claim,False
Hosadurga (Chitradurga),Chitradurga,Hosadurga,13.8,76.2833,2024-07-03,2024-08-26,2024-09-20,Kharif,2024,0.1092,0.3422,,False,-0.0998,-0.3446,100.0,61.83,-5.97,-14.89,-6.46,-15.45,1,430.4,321.26,-33.97,0,,,Rice,,2669.0,,4,131797.06,207000,FALSE,False,NO_DATA,NO_DATA,INCONCLUSIVE,MISMATCH,HIGH,"No significant SAR_VV change observed (delta=-0.49, threshold=-0.5), contradicting crop loss claim.",,False
Molakalmuru (Chitradurga),Chitradurga,Molakalmuru,14.7333,76.75,2024-07-08,2024-09-02,2024-09-28,Kharif,2024,0.2195,0.3773,,False,-0.2049,-0.3561,100.0,72.76,-8.78,-15.78,-8.08,-14.96,1,289.4,239.67,-20.75,0,,,Rice,,2669.0,,1,20015.14,42000,FALSE,False,NO_DATA,NO_DATA,INCONCLUSIVE,MISMATCH,HIGH,"No significant SAR_VV change observed (delta=0.70, threshold=-0.5), contradicting crop loss claim.",,False
Harihara (Davanagere),Davanagere,Harihara,14.5167,75.8,2024-06-25,2024-08-18,2024-09-12,Kharif,2024,0.3883,-0.002,,False,-0.3438,0.0234,100.0,100.0,-8.46,-15.92,-8.78,-16.62,1,561.1,419.53,-33.74,0,,,Rice,,3810.0,,2,45397.76,100000,FALSE,False,NO_DATA,NO_DATA,INCONCLUSIVE,MISMATCH,HIGH,"No significant SAR_VV change observed (delta=-0.32, threshold=-0.5), contradicting crop loss claim.","The claim is labeled **INCONCLUSIVE**.  
Because NDVI was unreliable (cloud cover > 50 %), SAR VV backscatter was used as the vegetation proxy, indicating a",False
Channagiri (Davanagere),Davanagere,Channagiri,14.0267,75.9283,2024-06-28,2024-08-22,2024-09-16,Kharif,2024,0.1971,0.431,,False,-0.1908,-0.436,100.0,0.0,-5.16,-14.19,,,1,603.8,423.25,-42.66,0,,,Rice,,3810.0,,1,23656.59,42000,NO_DATA,False,NO_DATA,NO_DATA,INCONCLUSIVE,INCONCLUSIVE,LOW,NDVI is cloud-contaminated (ndvi_reliable=False) and no SAR VV/VH fallback data is available. Cannot evaluate vegetation loss.,The claim is labeled **INCONCLUSIVE**. Because NDVI was,False
Honnali (Davanagere),Davanagere,Honnali,14.2467,75.6433,2024-06-22,2024-08-15,2024-09-10,Kharif,2024,-0.0033,0.3392,,False,0.0216,-0.2977,100.0,97.84,-9.47,-16.38,-9.84,-16.89,1,539.4,439.82,-22.64,0,,,Rice,,3810.0,,4,67593.81,207000,FALSE,False,NO_DATA,NO_DATA,INCONCLUSIVE,MISMATCH,HIGH,"No significant SAR_VV change observed (delta=-0.37, threshold=-0.5), contradicting crop loss claim.",The claim,False
Jagalur (Davanagere),Davanagere,Jagalur,14.5333,76.35,2024-07-05,2024-08-28,2024-09-24,Kharif,2024,0.0383,0.5658,,False,-0.0451,-0.5279,100.0,14.78,-10.44,-20.19,,,1,365.9,348.0,-5.14,0,,,Rice,,3810.0,,2,26687.38,115000,NO_DATA,False,NO_DATA,NO_DATA,INCONCLUSIVE,INCONCLUSIVE,LOW,NDVI is cloud-contaminated (ndvi_reliable=False) and no SAR VV/VH fallback data is available. Cannot evaluate vegetation loss.,,False
Nyamathi (Davanagere),Davanagere,Nyamathi,14.15,75.5833,2024-06-24,2024-08-17,2024-09-11,Kharif,2024,-0.0176,0.5975,,False,0.0353,-0.5295,100.0,72.2,-10.15,-19.6,-7.36,-13.94,1,557.1,507.89,-9.69,0,,,Rice,,3810.0,,2,0.0,77000,FALSE,False,NO_DATA,NO_DATA,INCONCLUSIVE,MISMATCH,HIGH,"No significant SAR_VV change observed (delta=2.79, threshold=-0.5), contradicting crop loss claim.","NDVI was unreliable because cloud cover exceeded 50 %, so SAR VV backscatter was used as the vegetation proxy. The vegetation signal changed by 2.79 dB, and rainfall was 9.69 % below normal. No KSDMA drought declaration",False
Tiptur (Tumakuru),Tumakuru,Tiptur,13.2556,76.4783,2024-07-02,2024-08-25,2024-09-20,Kharif,2024,0.1046,0.313,,False,-0.0946,-0.3326,100.0,30.82,-5.22,-14.88,,,1,499.0,382.64,-30.41,0,,,Rice,,3029.0,,2,78668.63,92000,NO_DATA,False,NO_DATA,NO_DATA,INCONCLUSIVE,INCONCLUSIVE,LOW,NDVI is cloud-contaminated (ndvi_reliable=False) and no SAR VV/VH fallback data is available. Cannot evaluate vegetation loss.,,False
Kunigal (Tumakuru),Tumakuru,Kunigal,13.0233,77.0367,2024-07-05,2024-08-28,2024-09-23,Kharif,2024,0.1877,0.5539,,False,-0.1758,-0.5226,100.0,0.0,-10.21,-16.89,,,1,474.0,366.44,-29.35,0,,,Rice,,3029.0,,3,79407.52,119000,NO_DATA,False,NO_DATA,NO_DATA,INCONCLUSIVE,INCONCLUSIVE,LOW,NDVI is cloud-contaminated (ndvi_reliable=False) and no SAR VV/VH fallback data is available. Cannot evaluate vegetation loss.,,False
Madhugiri (Tumakuru),Tumakuru,Madhugiri,13.66,77.21,2024-07-08,2024-09-01,2024-09-27,Kharif,2024,-0.0438,0.392,,False,0.0956,-0.379,100.0,1.14,-6.17,-15.96,,,1,370.8,288.83,-28.38,0,,,Rice,,3029.0,,1,39811.35,42000,NO_DATA,False,NO_DATA,NO_DATA,INCONCLUSIVE,INCONCLUSIVE,LOW,NDVI is cloud-contaminated (ndvi_reliable=False) and no SAR VV/VH fallback data is available. Cannot evaluate vegetation loss.,The claim is marked as INCONCLUSIVE. Because cloud cover,False
Sira (Tumakuru),Tumakuru,Sira,13.7433,76.9033,2024-07-04,2024-08-27,2024-09-22,Kharif,2024,0.2338,0.235,,False,-0.2588,-0.2657,70.31,3.57,-4.99,-15.53,,,1,479.5,300.92,-59.34,0,,,Rice,,3029.0,,3,45306.18,127000,NO_DATA,False,NO_DATA,NO_DATA,INCONCLUSIVE,INCONCLUSIVE,LOW,NDVI is cloud-contaminated (ndvi_reliable=False) and no SAR VV/VH fallback data is available. Cannot evaluate vegetation loss.,The,False
Pavagada (Tumakuru),Tumakuru,Pavagada,14.1,77.2833,2024-07-10,2024-09-03,2024-09-30,Kharif,2024,0.2995,0.3288,,False,-0.3067,-0.3195,45.83,82.25,,,-6.54,-13.81,1,268.6,276.94,3.01,0,,,Rice,,3029.0,,1,0.0,42000,NO_DATA,False,NO_DATA,NO_DATA,INCONCLUSIVE,INCONCLUSIVE,LOW,NDVI is cloud-contaminated (ndvi_reliable=False) and no SAR VV/VH fallback data is available. Cannot evaluate vegetation loss.,"NDVI was unreliable because cloud cover exceeded 50 %, so SAR VV backscatter was used as the vegetation proxy. The vegetation change value is not available, and the rainfall deficit is 3.01 %. No KSDMA drought declaration or DES historical yield loss data is provided.",False
Gubbi (Tumakuru),Tumakuru,Gubbi,13.3117,76.9383,2024-07-03,2024-08-26,2024-09-21,Kharif,2024,0.1253,0.3766,,False,-0.1082,-0.3888,100.0,16.25,-5.47,-14.13,,,1,467.4,372.14,-25.6,0,,,Rice,,3029.0,,3,73453.13,142000,NO_DATA,False,NO_DATA,NO_DATA,INCONCLUSIVE,INCONCLUSIVE,LOW,NDVI is cloud-contaminated (ndvi_reliable=False) and no SAR VV/VH fallback data is available. Cannot evaluate vegetation loss.,,False
Turuvekere (Tumakuru),Tumakuru,Turuvekere,13.16,76.6667,2024-07-01,2024-08-23,2024-09-18,Kharif,2024,0.227,0.1885,,False,-0.218,-0.1426,100.0,91.26,-6.23,-15.47,-6.25,-15.27,1,454.4,346.07,-31.3,0,,,Rice,,3029.0,,4,111974.7,184000,FALSE,False,NO_DATA,NO_DATA,INCONCLUSIVE,MISMATCH,HIGH,"No significant SAR_VV change observed (delta=-0.02, threshold=-0.5), contradicting crop loss claim.","The claim is labeled **INCONCLUSIVE**. Because NDVI was unreliable due to over 50 % cloud cover, SAR VV backscatter was used as the vegetation proxy",False
Chikkanayakanahalli (Tumakuru),Tumakuru,Chikkanayakanahalli,13.4167,76.6167,2024-07-02,2024-08-25,2024-09-19,Kharif,2024,0.169,0.4221,,False,-0.1521,-0.4227,100.0,24.97,-7.47,-15.53,,,1,423.6,338.77,-25.04,0,,,Rice,,3029.0,,4,68423.92,192000,NO_DATA,False,NO_DATA,NO_DATA,INCONCLUSIVE,INCONCLUSIVE,LOW,NDVI is cloud-contaminated (ndvi_reliable=False) and no SAR VV/VH fallback data is available. Cannot evaluate vegetation loss.,"The claim is marked **INCONCLUSIVE**. Because cloud cover exceeded 50 %, NDVI was unreliable and SAR VV backscatter was used as the vegetation proxy, but the vegetation change value is not available. Rainfall was ",False
Bhadravati (Shivamogga),Shivamogga,Bhadravati,13.84,75.7,2024-06-18,2024-08-10,2024-09-05,Kharif,2024,0.0467,0.0294,,False,-0.0496,-0.0188,100.0,100.0,-7.0,-13.95,-6.67,-13.64,1,692.3,496.27,-39.5,0,,,Rice,,2879.0,,2,71305.25,92000,FALSE,False,NO_DATA,NO_DATA,INCONCLUSIVE,MISMATCH,HIGH,"No significant SAR_VV change observed (delta=0.33, threshold=-0.5), contradicting crop loss claim.","NDVI was unreliable because cloud cover exceeded 50 %, so SAR VV backscatter was used as the vegetation proxy. The vegetation signal change was 0.33 dB, and the rainfall deficit was –39.5 %.",False
Shikaripura (Shivamogga),Shivamogga,Shikaripura,14.27,75.35,2024-06-20,2024-08-14,2024-09-08,Kharif,2024,0.4316,0.4111,,False,-0.4168,-0.3759,0.0,94.42,,,-6.78,-14.76,1,755.9,649.8,-16.33,0,,,Rice,,2879.0,,4,69974.72,215000,NO_DATA,False,NO_DATA,NO_DATA,INCONCLUSIVE,INCONCLUSIVE,LOW,NDVI is cloud-contaminated (ndvi_reliable=False) and no SAR VV/VH fallback data is available. Cannot evaluate vegetation loss.,"The claim is labeled INCONCLUSIVE. Because more than 50 % cloud cover made NDVI unreliable,",False
Soraba (Shivamogga),Shivamogga,Soraba,14.3833,75.1,2024-06-15,2024-08-08,2024-09-02,Kharif,2024,0.2678,0.216,,False,-0.2303,-0.1722,100.0,100.0,-8.25,-15.35,-7.94,-15.28,1,919.9,872.26,-5.46,0,,,Rice,,2879.0,,4,56092.69,169000,FALSE,False,NO_DATA,NO_DATA,INCONCLUSIVE,MISMATCH,HIGH,"No significant SAR_VV change observed (delta=0.31, threshold=-0.5), contradicting crop loss claim.","The claim is labeled INCONCLUSIVE, and because NDVI was unreliable (cloud cover >50%), SAR VV backscatter was used as the vegetation proxy. The vegetation",False
Sagar (Shivamogga),Shivamogga,Sagar,14.1667,75.0333,2024-06-16,2024-08-09,2024-09-04,Kharif,2024,0.0676,0.077,,False,-0.0524,-0.0435,100.0,100.0,-6.92,-14.64,-6.91,-14.66,1,1173.3,1198.43,2.1,0,,,Rice,,2879.0,,1,0.0,50000,FALSE,False,NO_DATA,NO_DATA,INCONCLUSIVE,MISMATCH,HIGH,"No significant SAR_VV change observed (delta=0.01, threshold=-0.5), contradicting crop loss claim.",,False
Thirthahalli (Shivamogga),Shivamogga,Thirthahalli,13.7,75.2333,2024-06-12,2024-08-05,2024-09-01,Kharif,2024,0.3569,0.6571,,False,-0.3141,-0.5671,100.0,0.0,-7.44,-14.28,,,1,1301.6,1145.55,-13.62,0,,,Rice,,2879.0,,4,94030.41,192000,NO_DATA,False,NO_DATA,NO_DATA,INCONCLUSIVE,INCONCLUSIVE,LOW,NDVI is cloud-contaminated (ndvi_reliable=False) and no SAR VV/VH fallback data is available. Cannot evaluate vegetation loss.,,False
Nanjangud (Mysuru),Mysuru,Nanjangud,12.1167,76.6833,2024-06-25,2024-08-18,2024-09-14,Kharif,2024,-0.026,0.3463,,False,0.0425,-0.3417,100.0,12.28,-6.22,-13.99,,,1,435.5,295.68,-47.29,0,,,Rice,,3321.0,,3,60442.81,142000,NO_DATA,False,NO_DATA,NO_DATA,INCONCLUSIVE,INCONCLUSIVE,LOW,NDVI is cloud-contaminated (ndvi_reliable=False) and no SAR VV/VH fallback data is available. Cannot evaluate vegetation loss.,"The claim is labeled **INCONCLUSIVE**. Because cloud cover exceeded 50 %, NDVI was unreliable",False
Hunsur (Mysuru),Mysuru,Hunsur,12.31,76.29,2024-06-22,2024-08-15,2024-09-10,Kharif,2024,0.4176,0.412,-0.0056,True,-0.4032,-0.3965,26.06,45.0,,,,,0,527.8,442.2,-19.36,0,,,Rice,,3321.0,,1,41742.28,65000,FALSE,False,NO_DATA,NO_DATA,INCONCLUSIVE,MISMATCH,HIGH,"No significant NDVI change observed (delta=-0.01, threshold=-0.05), contradicting crop loss claim.",,False
Piriyapatna (Mysuru),Mysuru,Piriyapatna,12.34,76.1,2024-06-20,2024-08-12,2024-09-08,Kharif,2024,0.2577,0.5966,,False,-0.2174,-0.513,100.0,0.0,-6.8,-15.41,,,1,599.7,738.34,18.78,0,,,Rice,,3321.0,,1,0.0,35000,NO_DATA,False,NO_DATA,NO_DATA,INCONCLUSIVE,INCONCLUSIVE,LOW,NDVI is cloud-contaminated (ndvi_reliable=False) and no SAR VV/VH fallback data is available. Cannot evaluate vegetation loss.,The claim is labeled,False
T. Narasipura (Mysuru),Mysuru,T. Narasipura,12.2133,76.9033,2024-06-28,2024-08-20,2024-09-16,Kharif,2024,0.0609,0.3164,,False,-0.0593,-0.3148,100.0,31.91,-6.62,-15.16,,,1,381.5,303.98,-25.5,0,,,Rice,,3321.0,,3,66137.02,134000,NO_DATA,False,NO_DATA,NO_DATA,INCONCLUSIVE,INCONCLUSIVE,LOW,NDVI is cloud-contaminated (ndvi_reliable=False) and no SAR VV/VH fallback data is available. Cannot evaluate vegetation loss.,"The claim is labeled INCONCLUSIVE. NDVI was unreliable because cloud cover exceeded 50 %,",False
Heggadadevankote (Mysuru),Mysuru,Heggadadevankote,11.9167,76.3333,2024-06-24,2024-08-16,2024-09-12,Kharif,2024,0.4497,0.6992,,False,-0.4125,-0.6232,73.04,28.27,-6.97,-13.6,,,1,571.9,509.97,-12.14,0,,,Rice,,3321.0,,4,0.0,192000,NO_DATA,False,NO_DATA,NO_DATA,INCONCLUSIVE,INCONCLUSIVE,LOW,NDVI is cloud-contaminated (ndvi_reliable=False) and no SAR VV/VH fallback data is available. Cannot evaluate vegetation loss.,"The claim is marked as INCONCLUSIVE. Because cloud cover exceeded 50 %, NDVI was unreliable and SAR VV backscatter was used as the vegetation proxy,",False
Maddur (Mandya),Mandya,Maddur,12.5833,77.05,2024-07-02,2024-08-24,2024-09-20,Kharif,2024,0.0463,0.4045,,False,-0.0434,-0.3887,100.0,28.54,-7.91,-14.71,,,1,448.6,313.95,-42.89,0,,,Rice,,3192.0,,4,83673.17,184000,NO_DATA,False,NO_DATA,NO_DATA,INCONCLUSIVE,INCONCLUSIVE,LOW,NDVI is cloud-contaminated (ndvi_reliable=False) and no SAR VV/VH fallback data is available. Cannot evaluate vegetation loss.,"The claim is labeled **INCONCLUSIVE**.  
NDVI was unreliable because cloud cover exceeded 50%, so SAR VV backscatter was used as the vegetation proxy",False
Malavalli (Mandya),Mandya,Malavalli,12.3867,77.0567,2024-07-05,2024-08-28,2024-09-24,Kharif,2024,0.0488,0.1824,,False,-0.0485,-0.156,100.0,97.88,-6.64,-14.24,-7.06,-14.72,1,382.3,314.14,-21.7,0,,,Rice,,3192.0,,4,0.0,207000,FALSE,False,NO_DATA,NO_DATA,INCONCLUSIVE,MISMATCH,HIGH,"No significant SAR_VV change observed (delta=-0.42, threshold=-0.5), contradicting crop loss claim.","The claim is marked as INCONCLUSIVE because the NDVI data was unreliable due to more than 50 % cloud cover, so SAR VV backscatter",False
Pandavapura (Mandya),Mandya,Pandavapura,12.4933,76.6667,2024-06-28,2024-08-21,2024-09-17,Kharif,2024,0.1436,0.4896,,False,-0.1309,-0.4573,100.0,36.3,-8.09,-15.1,,,1,402.3,301.03,-33.64,0,,,Rice,,3192.0,,4,124431.23,215000,NO_DATA,False,NO_DATA,NO_DATA,INCONCLUSIVE,INCONCLUSIVE,LOW,NDVI is cloud-contaminated (ndvi_reliable=False) and no SAR VV/VH fallback data is available. Cannot evaluate vegetation loss.,"The claim is marked **INCONCLUSIVE**. Because NDVI was unreliable due to over 50 % cloud cover, SAR VV backscatter was used as",False
Krishnarajpet (Mandya),Mandya,Krishnarajpet,12.66,76.49,2024-06-30,2024-08-22,2024-09-18,Kharif,2024,0.294,0.4355,,False,-0.2679,-0.4299,96.32,0.86,-5.33,-14.1,,,1,461.0,375.67,-22.71,0,,,Rice,,3192.0,,2,21929.69,85000,NO_DATA,False,NO_DATA,NO_DATA,INCONCLUSIVE,INCONCLUSIVE,LOW,NDVI is cloud-contaminated (ndvi_reliable=False) and no SAR VV/VH fallback data is available. Cannot evaluate vegetation loss.,,False
Kollegal (Chamarajanagar),Chamarajanagar,Kollegal,12.155,77.1183,2024-07-06,2024-08-30,2024-09-26,Kharif,2024,0.0611,0.3899,,False,-0.06,-0.3434,100.0,0.0,-6.91,-15.94,,,1,377.8,305.17,-23.8,0,,,Rice,,3310.0,,3,0.0,150000,NO_DATA,False,NO_DATA,NO_DATA,INCONCLUSIVE,INCONCLUSIVE,LOW,NDVI is cloud-contaminated (ndvi_reliable=False) and no SAR VV/VH fallback data is available. Cannot evaluate vegetation loss.,"The claim is marked as INCONCLUSIVE. Because NDVI was unreliable due to over 50 % cloud cover, SAR VV backscatter was used as the vegetation proxy, but the vegetation change value",False
Gundlupet (Chamarajanagar),Chamarajanagar,Gundlupet,11.8,76.6833,2024-06-26,2024-08-19,2024-09-15,Kharif,2024,0.0414,0.397,,False,-0.0417,-0.3915,100.0,55.06,-7.05,-14.22,-8.33,-15.34,1,411.3,337.85,-21.74,0,,,Rice,,3310.0,,1,55252.52,65000,FALSE,False,NO_DATA,NO_DATA,INCONCLUSIVE,INCONCLUSIVE,LOW,"Signals are mixed, partially missing, or do not cross deterministic thresholds for confident classification.","The claim is labeled INCONCLUSIVE. Because cloud cover exceeded 50%, NDVI was unreliable, so SAR VV backscatter was used as the vegetation proxy, indicating a vegetation change of –1.28 dB. The rainfall deficit was",False
Channarayapatna (Hassan),Hassan,Channarayapatna,12.9033,76.39,2024-07-01,2024-08-24,2024-09-20,Kharif,2024,0.1222,0.1935,,False,-0.1186,-0.2021,100.0,79.34,-4.56,-14.97,-5.38,-15.5,1,395.0,380.66,-3.77,0,,,Rice,,3447.0,,3,0.0,142000,FALSE,False,NO_DATA,NO_DATA,INCONCLUSIVE,INCONCLUSIVE,LOW,"Signals are mixed, partially missing, or do not cross deterministic thresholds for confident classification.","The claim is labeled INCONCLUSIVE. Because NDVI was unreliable due to over 50 % cloud cover, SAR VV backscatter was used as the vegetation proxy, indicating a vegetation change value of –0.82 dB. The rainfall",False
Arsikere (Hassan),Hassan,Arsikere,13.3133,76.2567,2024-06-28,2024-08-20,2024-09-16,Kharif,2024,0.0194,0.3404,,False,-0.0231,-0.348,100.0,11.9,-5.61,-14.55,,,1,533.4,375.87,-41.91,0,,,Rice,,3447.0,,3,74807.18,135000,NO_DATA,False,NO_DATA,NO_DATA,INCONCLUSIVE,INCONCLUSIVE,LOW,NDVI is cloud-contaminated (ndvi_reliable=False) and no SAR VV/VH fallback data is available. Cannot evaluate vegetation loss.,"The claim is marked as **INCONCLUSIVE**. Because NDVI was unreliable due to cloud cover over 50 %, SAR VV backscatter was used as the vegetation proxy, but the vegetation change value",False
Holenarasipura (Hassan),Hassan,Holenarasipura,12.79,76.24,2024-06-26,2024-08-18,2024-09-14,Kharif,2024,0.299,0.278,,False,-0.2699,-0.2497,91.31,47.15,-5.7,-15.26,,,1,412.5,408.55,-0.97,0,,,Rice,,3447.0,,4,0.0,222000,NO_DATA,False,NO_DATA,NO_DATA,INCONCLUSIVE,INCONCLUSIVE,LOW,NDVI is cloud-contaminated (ndvi_reliable=False) and no SAR VV/VH fallback data is available. Cannot evaluate vegetation loss.,"The claim is marked as INCONCLUSIVE. Because cloud cover exceeded 50 %, NDVI was unreliable and SAR VV backscatter was used as the vegetation proxy, but the vegetation change value is not available",False
Kadur (Chikkamagaluru),Chikkamagaluru,Kadur,13.55,76.01,2024-06-25,2024-08-17,2024-09-12,Kharif,2024,0.0128,0.2132,,False,-0.0072,-0.2261,100.0,84.77,-5.87,-15.04,-6.07,-15.13,1,461.0,412.59,-11.73,0,,,Rice,,2748.0,,4,32701.27,147000,FALSE,False,NO_DATA,NO_DATA,INCONCLUSIVE,MISMATCH,HIGH,"No significant SAR_VV change observed (delta=-0.20, threshold=-0.5), contradicting crop loss claim.","The claim shows a vegetation change of –0.20 dB, measured with SAR VV backscatter because NDVI was unreliable due to cloud cover over ",False
Tarikere (Chikkamagaluru),Chikkamagaluru,Tarikere,13.7167,75.8167,2024-06-22,2024-08-15,2024-09-10,Kharif,2024,0.0977,0.3456,,False,-0.0638,-0.2484,100.0,38.62,-9.83,-17.21,,,1,635.6,485.14,-31.01,0,,,Rice,,2748.0,,1,36087.1,50000,NO_DATA,False,NO_DATA,NO_DATA,INCONCLUSIVE,INCONCLUSIVE,LOW,NDVI is cloud-contaminated (ndvi_reliable=False) and no SAR VV/VH fallback data is available. Cannot evaluate vegetation loss.,The claim is labeled INCONCLUSIVE. Because cloud cover exceeded ,False
Gauribidanur (Chikkaballapur),Chikkaballapur,Gauribidanur,13.6117,77.5183,2024-07-04,2024-08-27,2024-09-22,Kharif,2024,0.0103,0.311,,False,0.0368,-0.3368,100.0,2.56,-5.07,-14.6,,,1,487.6,326.63,-49.28,0,,,Rice,,2880.0,,4,112956.99,170000,NO_DATA,False,NO_DATA,NO_DATA,INCONCLUSIVE,INCONCLUSIVE,LOW,NDVI is cloud-contaminated (ndvi_reliable=False) and no SAR VV/VH fallback data is available. Cannot evaluate vegetation loss.,,False
