village_name,district,taluk,latitude,longitude,sowing_date,loss_window_start,loss_window_end,season,year,pre_loss_ndvi,post_loss_ndvi,ndvi_change,pre_loss_ndwi,post_loss_ndwi,s2_cloud_pct_pre,s2_cloud_pct_post,s1_vv_db_pre,s1_vh_db_pre,s1_vv_db_post,s1_vh_db_post,s1_fallback_used,actual_rainfall_mm,normal_rainfall_mm,rainfall_deficit_pct,drought_rainfall_flag,ksdma_officially_declared_drought,ksdma_drought_severity,ndvi_supports_loss,rainfall_supports_drought,ksdma_supports_loss,yield_supports_loss,multimodal_verdict
Devihosur (Haveri),Haveri,Devihosur,14.7833,75.3833,2024-06-20,2024-08-15,2024-09-10,Kharif,2024,0.2477,0.3734,0.1257,-0.2316,-0.3224,99.22,97.84,-10.2,-17.37,-8.19,-14.48,0,631.7,404.01,-56.36,0,1,Severe,FALSE,FALSE,TRUE,NO_DATA,INCONSISTENT
Savanur (Haveri),Haveri,Savanur,14.975,75.335,2024-06-18,2024-08-10,2024-09-05,Kharif,2024,0.027,-0.0245,-0.0515,-0.0362,0.0509,100.0,100.0,-6.6,-14.39,-6.3,-13.94,0,586.4,446.34,-31.38,0,1,Severe,FALSE,FALSE,TRUE,NO_DATA,INCONSISTENT
Gokak (Belagavi),Belagavi,Gokak,16.1667,74.8333,2024-06-25,2024-08-20,2024-09-15,Kharif,2024,0.0323,0.3644,0.3321,-0.0239,-0.3839,100.0,40.98,-7.39,-15.4,-6.36,-14.2,0,483.6,411.66,-17.48,0,1,Severe,FALSE,FALSE,TRUE,NO_DATA,INCONSISTENT
Ramdurg (Belagavi),Belagavi,Ramdurg,15.95,75.2833,2024-06-22,2024-08-12,2024-09-08,Kharif,2024,-0.0368,0.4713,0.5081,0.057,-0.4101,100.0,100.0,-9.9,-16.84,-9.04,-15.33,0,488.8,320.73,-52.4,0,1,Severe,FALSE,FALSE,TRUE,NO_DATA,INCONSISTENT
Athani (Belagavi),Belagavi,Athani,16.7267,75.0633,2024-07-05,2024-09-01,2024-09-25,Kharif,2024,0.0413,0.1969,0.1556,-0.0387,-0.1822,100.0,74.08,-4.88,-13.97,-3.69,-13.06,0,607.0,351.45,-72.71,0,1,Severe,FALSE,FALSE,TRUE,NO_DATA,INCONSISTENT
Annigeri (Dharwad),Dharwad,Annigeri,15.4333,75.4333,2024-07-01,2024-08-25,2024-09-20,Kharif,2024,0.0803,0.0389,-0.0414,-0.0549,-0.0311,100.0,100.0,-8.07,-16.17,-6.81,-14.54,0,494.7,353.39,-39.99,0,1,Severe,FALSE,FALSE,TRUE,NO_DATA,INCONSISTENT
Kundgol (Dharwad),Dharwad,Kundgol,15.2567,75.25,2024-06-28,2024-08-20,2024-09-15,Kharif,2024,0.0171,0.0549,0.0378,-0.0136,-0.0344,100.0,100.0,-7.31,-15.47,-7.2,-14.56,0,580.1,427.61,-35.66,0,1,Severe,FALSE,FALSE,TRUE,NO_DATA,INCONSISTENT
Navalgund (Dharwad),Dharwad,Navalgund,15.5667,75.35,2024-07-03,2024-08-28,2024-09-22,Kharif,2024,0.0489,0.1556,0.1067,-0.0424,-0.1468,100.0,100.0,-10.45,-18.72,-8.0,-14.88,0,481.7,357.18,-34.86,0,1,Severe,FALSE,FALSE,TRUE,NO_DATA,INCONSISTENT
Aland (Kalaburagi),Kalaburagi,Aland,17.5667,76.5667,2024-06-15,2024-08-10,2024-09-05,Kharif,2024,0.0287,0.0063,-0.0224,-0.0216,0.0343,100.0,100.0,-5.07,-13.62,-4.91,-13.68,0,822.3,430.72,-90.91,0,1,Severe,FALSE,FALSE,TRUE,NO_DATA,INCONSISTENT
Chincholi (Kalaburagi),Kalaburagi,Chincholi,17.4667,77.4167,2024-06-12,2024-08-05,2024-09-01,Kharif,2024,0.1383,-0.0068,-0.1451,-0.1383,-0.0006,100.0,100.0,-7.93,-15.91,-7.11,-14.9,0,847.4,521.67,-62.44,0,1,Severe,TRUE,FALSE,TRUE,NO_DATA,PARTIAL
Sedam (Kalaburagi),Kalaburagi,Sedam,17.1833,76.9333,2024-06-18,2024-08-08,2024-09-03,Kharif,2024,0.0681,-0.0053,-0.0734,-0.0584,-0.0074,100.0,100.0,-11.21,-20.65,-10.18,-18.68,0,753.1,413.91,-81.95,0,1,Severe,FALSE,FALSE,TRUE,NO_DATA,INCONSISTENT
Afzalpur (Kalaburagi),Kalaburagi,Afzalpur,17.2,76.3667,2024-06-20,2024-08-15,2024-09-10,Kharif,2024,0.0584,0.4199,0.3615,-0.0511,-0.3646,100.0,95.0,-8.44,-15.9,-7.51,-14.3,0,741.6,412.47,-79.79,0,1,Severe,FALSE,FALSE,TRUE,NO_DATA,INCONSISTENT
Sindhanur (Raichur),Raichur,Sindhanur,15.7667,76.7667,2024-07-10,2024-09-01,2024-09-30,Kharif,2024,0.1669,0.4324,0.2655,-0.1527,-0.425,100.0,0.0,-8.51,-17.5,-8.19,-15.54,0,445.7,318.97,-39.73,0,1,Severe,FALSE,FALSE,TRUE,NO_DATA,INCONSISTENT
Manvi (Raichur),Raichur,Manvi,15.9833,76.5333,2024-07-08,2024-08-28,2024-09-25,Kharif,2024,0.3033,0.1217,-0.1816,-0.3396,-0.0973,69.95,100.0,-9.56,-17.3,-9.52,-16.67,0,396.5,291.2,-36.16,0,1,Severe,TRUE,FALSE,TRUE,NO_DATA,PARTIAL
Devadurga (Raichur),Raichur,Devadurga,15.75,76.4833,2024-07-05,2024-08-25,2024-09-20,Kharif,2024,0.0353,-0.092,-0.1273,-0.0408,0.1498,100.0,100.0,-9.81,-18.93,-7.74,-16.01,0,311.0,270.19,-15.1,0,1,Severe,TRUE,FALSE,TRUE,NO_DATA,PARTIAL
Lingsugur (Raichur),Raichur,Lingsugur,16.1567,76.5233,2024-07-12,2024-09-05,2024-10-01,Kharif,2024,0.0125,0.3365,0.324,-0.0122,-0.3452,100.0,0.0,-7.39,-15.45,-8.19,-15.54,0,436.9,333.73,-30.91,0,1,Severe,FALSE,FALSE,TRUE,NO_DATA,INCONSISTENT
Gangavathi (Koppal),Koppal,Gangavathi,15.4317,76.5317,2024-07-01,2024-08-25,2024-09-18,Kharif,2024,0.1691,0.2561,0.087,-0.1667,-0.2343,100.0,65.1201,-7.41,-16.21,-7.4,-15.05,0,310.8,265.66,-16.99,0,1,Severe,FALSE,FALSE,TRUE,NO_DATA,INCONSISTENT
Kushtagi (Koppal),Koppal,Kushtagi,15.7567,76.1917,2024-07-06,2024-08-30,2024-09-25,Kharif,2024,0.1091,0.2561,0.147,-0.1042,-0.2343,100.0,65.1201,-7.04,-16.13,-7.4,-15.05,0,435.3,308.95,-40.9,0,1,Severe,FALSE,FALSE,TRUE,NO_DATA,INCONSISTENT
Yelburga (Koppal),Koppal,Yelburga,15.6,76.0167,2024-07-04,2024-08-27,2024-09-22,Kharif,2024,0.0638,0.2561,0.1923,-0.0581,-0.2343,100.0,65.1201,-8.79,-17.69,-7.4,-15.05,0,457.9,310.71,-47.37,0,1,Severe,FALSE,FALSE,TRUE,NO_DATA,INCONSISTENT
Koppal Town (Koppal),Koppal,Koppal Town,15.35,76.15,2024-07-02,2024-08-22,2024-09-15,Kharif,2024,0.0916,0.2561,0.1645,-0.0932,-0.2343,100.0,65.1201,-6.39,-14.81,-7.4,-15.05,0,397.6,248.5,-60.0,0,1,Severe,FALSE,FALSE,TRUE,NO_DATA,INCONSISTENT
Indi (Vijayapura),Vijayapura,Indi,17.175,75.9533,2024-06-25,2024-08-18,2024-09-12,Kharif,2024,0.0218,0.2981,0.2763,-0.0003,-0.2893,100.0,99.71,-6.41,-13.95,-7.6,-14.22,0,694.5,369.77,-87.82,0,1,Severe,FALSE,FALSE,TRUE,NO_DATA,INCONSISTENT
Muddebihal (Vijayapura),Vijayapura,Muddebihal,16.3333,76.1333,2024-06-28,2024-08-20,2024-09-15,Kharif,2024,0.1117,0.3319,0.2202,-0.1174,-0.3461,100.0,43.36,-6.41,-13.95,-7.6,-14.22,0,522.0,310.71,-68.0,0,1,Severe,FALSE,FALSE,TRUE,NO_DATA,INCONSISTENT
Basavana Bagewadi (Vijayapura),Vijayapura,Basavana Bagewadi,16.5667,75.9667,2024-06-30,2024-08-22,2024-09-18,Kharif,2024,0.1708,0.315,0.1442,-0.154,-0.3177,100.0,71.535,-6.41,-13.95,-7.6,-14.22,0,608.25,331.66,-83.4,0,1,Severe,FALSE,FALSE,TRUE,NO_DATA,INCONSISTENT
Sindgi (Vijayapura),Vijayapura,Sindgi,16.9167,76.2333,2024-06-22,2024-08-14,2024-09-08,Kharif,2024,0.0813,0.315,0.2337,-0.064,-0.3177,100.0,71.535,-6.41,-13.95,-7.6,-14.22,0,608.25,314.49,-93.41,0,1,Severe,FALSE,FALSE,TRUE,NO_DATA,INCONSISTENT
Ron (Gadag),Gadag,Ron,15.6833,75.7333,2024-06-28,2024-08-22,2024-09-16,Kharif,2024,0.1358,0.1925,0.0567,-0.1066,-0.1644,100.0,100.0,-8.73,-16.96,-7.4,-15.05,0,477.4,328.26,-45.43,0,1,Severe,FALSE,FALSE,TRUE,NO_DATA,INCONSISTENT
Mundargi (Gadag),Gadag,Mundargi,15.2083,75.8833,2024-07-02,2024-08-26,2024-09-20,Kharif,2024,0.0919,0.1925,0.1006,-0.0993,-0.1644,100.0,100.0,-8.3,-14.72,-7.4,-15.05,0,372.0,278.52,-33.56,0,1,Severe,FALSE,FALSE,TRUE,NO_DATA,INCONSISTENT
Nargund (Gadag),Gadag,Nargund,15.7167,75.3833,2024-06-25,2024-08-18,2024-09-12,Kharif,2024,0.0145,0.1925,0.178,0.0075,-0.1644,100.0,100.0,-7.44,-15.32,-7.4,-15.05,0,470.6,328.04,-43.46,0,1,Severe,FALSE,FALSE,TRUE,NO_DATA,INCONSISTENT
Shirhatti (Gadag),Gadag,Shirhatti,15.2333,75.5667,2024-07-01,2024-08-24,2024-09-18,Kharif,2024,0.0719,0.1925,0.1206,-0.0739,-0.1644,100.0,100.0,-8.94,-17.0,-7.4,-15.05,0,506.8,360.41,-40.62,0,1,Severe,FALSE,FALSE,TRUE,NO_DATA,INCONSISTENT
Ranebennur (Haveri),Haveri,Ranebennur,14.62,75.63,2024-06-22,2024-08-16,2024-09-10,Kharif,2024,-0.0001,0.2048,0.2049,0.0282,-0.2163,100.0,83.92,-8.4,-15.88,-7.24,-14.21,0,596.2,416.93,-43.0,0,1,Severe,FALSE,FALSE,TRUE,NO_DATA,INCONSISTENT
Byadgi (Haveri),Haveri,Byadgi,14.6733,75.4867,2024-06-24,2024-08-18,2024-09-12,Kharif,2024,0.2142,0.1457,-0.0685,-0.2103,-0.1194,100.0,100.0,-8.4,-15.88,-7.24,-14.21,0,672.3,390.26,-72.27,0,1,Severe,FALSE,FALSE,TRUE,NO_DATA,INCONSISTENT
Hangal (Haveri),Haveri,Hangal,14.7633,75.1233,2024-06-20,2024-08-14,2024-09-08,Kharif,2024,0.1554,0.0028,-0.1526,-0.1481,0.0272,100.0,100.0,-8.4,-15.88,-7.24,-14.21,0,794.2,684.53,-16.02,0,1,Moderate,TRUE,FALSE,TRUE,NO_DATA,PARTIAL
Hirekerur (Haveri),Haveri,Hirekerur,14.4567,75.3933,2024-06-26,2024-08-20,2024-09-15,Kharif,2024,0.0728,0.4563,0.3835,-0.0534,-0.4309,100.0,31.49,-8.4,-15.88,-7.24,-14.21,0,654.95,465.67,-40.65,0,1,Severe,FALSE,FALSE,TRUE,NO_DATA,INCONSISTENT
Bellary Town (Bellary),Bellary,Bellary Town,15.1394,76.9214,2024-07-08,2024-09-01,2024-09-28,Kharif,2024,0.2712,0.0829,-0.1883,-0.2995,-0.0386,26.01,71.145,-6.34,-14.41,-7.02,-14.92,0,426.43,318.87,-33.73,0,1,Severe,TRUE,FALSE,TRUE,NO_DATA,PARTIAL
Hospet (Bellary),Bellary,Hospet,15.2689,76.3909,2024-07-05,2024-08-28,2024-09-22,Kharif,2024,0.0985,0.0829,-0.0156,-0.0934,-0.0386,100.0,71.145,-6.11,-13.52,-7.02,-14.92,0,426.43,318.87,-33.73,0,1,Severe,FALSE,FALSE,TRUE,NO_DATA,INCONSISTENT
Sandur (Bellary),Bellary,Sandur,15.0833,76.55,2024-07-10,2024-09-03,2024-09-30,Kharif,2024,0.0833,0.0829,-0.0004,-0.0569,-0.0386,100.0,71.145,-6.34,-14.41,-5.52,-12.98,0,406.7,356.03,-14.23,0,1,Severe,FALSE,FALSE,TRUE,NO_DATA,INCONSISTENT
Siruguppa (Bellary),Bellary,Siruguppa,15.6333,76.8967,2024-07-12,2024-09-05,2024-10-01,Kharif,2024,0.0864,0.0829,-0.0035,-0.0893,-0.0386,100.0,71.145,-6.34,-14.41,-5.7,-13.95,0,383.8,315.79,-21.54,0,1,Severe,FALSE,FALSE,TRUE,NO_DATA,INCONSISTENT
Shorapur (Yadgir),Yadgir,Shorapur,16.52,76.76,2024-06-20,2024-08-15,2024-09-10,Kharif,2024,0.08,0.2561,0.1761,-0.0832,-0.2343,100.0,65.1201,-10.45,-18.79,-6.68,-14.97,0,733.1,354.6,-106.74,0,1,Severe,FALSE,FALSE,TRUE,NO_DATA,INCONSISTENT
Shahapur (Yadgir),Yadgir,Shahapur,16.6933,76.8433,2024-06-18,2024-08-12,2024-09-06,Kharif,2024,0.1675,0.2561,0.0886,-0.1688,-0.2343,100.0,65.1201,-10.45,-18.79,-8.06,-15.65,0,689.5,371.75,-85.47,0,1,Severe,FALSE,FALSE,TRUE,NO_DATA,INCONSISTENT
Hunasagi (Yadgir),Yadgir,Hunasagi,16.35,76.4667,2024-06-25,2024-08-20,2024-09-15,Kharif,2024,0.1001,0.2561,0.156,-0.0741,-0.2343,100.0,65.1201,-10.45,-18.79,-9.44,-16.33,0,537.7,332.54,-61.69,0,1,Severe,FALSE,FALSE,TRUE,NO_DATA,INCONSISTENT
Surapura (Yadgir),Yadgir,Surapura,16.4333,76.8,2024-06-22,2024-08-16,2024-09-10,Kharif,2024,0.0372,0.2561,0.2189,-0.0185,-0.2343,100.0,65.1201,-10.45,-18.79,-8.06,-15.65,0,616.3,350.93,-75.62,0,1,Severe,FALSE,FALSE,TRUE,NO_DATA,INCONSISTENT
Jamkhandi (Bagalkot),Bagalkot,Jamkhandi,16.5,75.2833,2024-06-28,2024-08-22,2024-09-16,Kharif,2024,0.0738,0.2925,0.2187,-0.071,-0.3065,100.0,30.69,-8.82,-15.74,-7.4,-15.05,0,519.6,338.17,-53.65,0,1,Severe,FALSE,FALSE,TRUE,NO_DATA,INCONSISTENT
Badami (Bagalkot),Bagalkot,Badami,15.9167,75.6833,2024-07-01,2024-08-25,2024-09-20,Kharif,2024,-0.0485,0.2925,0.341,0.0767,-0.3065,100.0,30.69,-9.19,-16.5,-7.4,-15.05,0,514.7,318.52,-61.59,0,1,Severe,FALSE,FALSE,TRUE,NO_DATA,INCONSISTENT
Bilgi (Bagalkot),Bagalkot,Bilgi,16.35,75.6167,2024-06-30,2024-08-24,2024-09-18,Kharif,2024,0.2158,0.2925,0.0767,-0.2157,-0.3065,100.0,30.69,-7.65,-16.13,-7.4,-15.05,0,517.15,328.34,-57.5,0,1,Severe,FALSE,FALSE,TRUE,NO_DATA,INCONSISTENT
Mudhol (Bagalkot),Bagalkot,Mudhol,16.3333,75.2833,2024-06-26,2024-08-18,2024-09-12,Kharif,2024,0.0723,0.2925,0.2202,-0.0638,-0.3065,100.0,30.69,-6.62,-14.26,-7.4,-15.05,0,517.15,328.34,-57.5,0,1,Severe,FALSE,FALSE,TRUE,NO_DATA,INCONSISTENT
Shiggaon (Haveri),Haveri,Shiggaon,14.9917,75.225,2024-06-19,2024-08-13,2024-09-07,Kharif,2024,0.1021,0.1931,0.091,-0.1053,-0.1685,100.0,85.5417,-8.4,-15.88,-7.24,-14.21,0,648.9,451.94,-43.58,0,1,Severe,FALSE,FALSE,TRUE,NO_DATA,INCONSISTENT
Hubballi Rural (Dharwad),Dharwad,Hubballi Rural,15.3647,75.124,2024-07-02,2024-08-26,2024-09-20,Kharif,2024,0.0731,-0.0098,-0.0829,-0.0643,0.0171,100.0,100.0,-7.2,-13.47,-7.22,-14.49,0,605.2,454.31,-33.21,0,1,Severe,FALSE,FALSE,TRUE,NO_DATA,INCONSISTENT
Kalghatgi (Dharwad),Dharwad,Kalghatgi,15.1833,74.9667,2024-07-05,2024-08-30,2024-09-24,Kharif,2024,0.0522,0.1917,0.1395,-0.0459,-0.1549,100.0,94.02,-6.65,-14.02,-6.87,-13.96,0,863.5,451.35,-91.31,0,1,Severe,FALSE,FALSE,TRUE,NO_DATA,INCONSISTENT
Jewargi (Kalaburagi),Kalaburagi,Jewargi,17.0167,76.7833,2024-06-16,2024-08-08,2024-09-02,Kharif,2024,0.0127,0.1035,0.0908,-0.0051,-0.0846,100.0,98.75,-8.16,-16.52,-9.66,-17.72,0,724.5,375.17,-93.11,0,1,Severe,FALSE,FALSE,TRUE,NO_DATA,INCONSISTENT
Chittapur (Kalaburagi),Kalaburagi,Chittapur,17.1167,76.65,2024-06-14,2024-08-06,2024-09-01,Kharif,2024,0.0143,0.1035,0.0892,-0.0078,-0.0846,100.0,98.75,-8.16,-16.52,-9.78,-18.8,0,669.5,378.82,-76.73,0,1,Severe,FALSE,FALSE,TRUE,NO_DATA,INCONSISTENT
Shahabad (Kalaburagi),Kalaburagi,Shahabad,17.3333,76.9333,2024-06-20,2024-08-12,2024-09-08,Kharif,2024,0.1047,0.1035,-0.0012,-0.1057,-0.0846,95.72,98.75,-8.16,-16.52,-8.21,-16.37,0,717.4,436.44,-64.38,0,1,Severe,FALSE,FALSE,TRUE,NO_DATA,INCONSISTENT
Hagaribommanahalli (Bellary),Bellary,Hagaribommanahalli,15.0383,76.2117,2024-07-06,2024-08-28,2024-09-24,Kharif,2024,0.0767,0.0829,0.0062,-0.0792,-0.0386,100.0,71.145,-6.34,-14.41,-7.02,-14.92,0,408.8,288.53,-41.68,0,1,Severe,FALSE,FALSE,TRUE,NO_DATA,INCONSISTENT
Kudligi (Bellary),Bellary,Kudligi,14.9033,76.3867,2024-07-08,2024-09-01,2024-09-28,Kharif,2024,0.0162,0.0829,0.0667,0.0091,-0.0386,100.0,71.145,-6.57,-15.3,-7.52,-15.81,0,481.2,350.05,-37.47,0,1,Severe,FALSE,FALSE,TRUE,NO_DATA,INCONSISTENT
Kampli (Bellary),Bellary,Kampli,15.4,76.6,2024-07-04,2024-08-26,2024-09-21,Kharif,2024,0.3834,-0.0929,-0.4763,-0.3696,0.1541,7.38,100.0,-6.34,-14.41,-9.34,-16.93,0,303.7,265.33,-14.46,0,1,Severe,TRUE,FALSE,TRUE,NO_DATA,PARTIAL
Humnabad (Bidar),Bidar,Humnabad,17.7667,76.9333,2024-06-16,2024-08-10,2024-09-04,Kharif,2024,0.0428,-0.024,-0.0668,-0.047,0.0139,100.0,100.0,-10.03,-19.48,-7.77,-14.17,0,884.5,477.64,-85.18,0,1,Severe,FALSE,FALSE,TRUE,NO_DATA,INCONSISTENT
Basavakalyan (Bidar),Bidar,Basavakalyan,17.87,76.95,2024-06-14,2024-08-08,2024-09-02,Kharif,2024,0.023,-0.0197,-0.0427,-0.0193,0.0065,100.0,100.0,-8.86,-17.74,-7.77,-14.17,0,840.9,483.41,-73.95,0,1,Severe,FALSE,FALSE,TRUE,NO_DATA,INCONSISTENT
Bhalki (Bidar),Bidar,Bhalki,18.0483,76.3233,2024-06-12,2024-08-05,2024-08-30,Kharif,2024,0.0085,-0.0218,-0.0303,0.0072,0.0102,100.0,100.0,-7.69,-15.99,-7.77,-14.17,0,753.9,477.18,-57.99,0,1,Severe,FALSE,FALSE,TRUE,NO_DATA,INCONSISTENT
Aurad (Bidar),Bidar,Aurad,17.4667,77.2167,2024-06-18,2024-08-12,2024-09-06,Kharif,2024,0.0448,-0.0218,-0.0666,-0.0372,0.0102,100.0,100.0,-8.86,-17.74,-7.77,-14.17,0,894.3,493.52,-81.21,0,1,Severe,FALSE,FALSE,TRUE,NO_DATA,INCONSISTENT
Hoovina Hadagali (Bellary),Bellary,Hoovina Hadagali,14.8,75.9333,2024-07-02,2024-08-24,2024-09-19,Kharif,2024,0.1064,0.2587,0.1523,-0.1145,-0.2313,100.0,42.29,-6.34,-14.41,-7.02,-14.92,0,574.4,337.48,-70.2,0,1,Severe,FALSE,FALSE,TRUE,NO_DATA,INCONSISTENT
Gudur (Raichur),Raichur,Gudur,16.2283,76.8283,2024-07-11,2024-09-04,2024-10-01,Kharif,2024,0.2939,0.1997,-0.0942,-0.4085,-0.1794,0.0,50.0,-8.82,-17.29,-8.04,-14.37,0,503.3,386.58,-30.19,0,1,Severe,FALSE,FALSE,TRUE,NO_DATA,INCONSISTENT
Maski (Raichur),Raichur,Maski,15.96,76.66,2024-07-09,2024-09-02,2024-09-29,Kharif,2024,0.1597,0.1997,0.04,-0.1508,-0.1794,100.0,50.0,-8.82,-17.29,-7.46,-15.1,0,397.3,346.31,-14.72,0,1,Severe,FALSE,FALSE,TRUE,NO_DATA,INCONSISTENT
Challakere (Chitradurga),Chitradurga,Challakere,14.3167,76.65,2024-07-04,2024-08-27,2024-09-22,Kharif,2024,0.2506,0.2561,0.0055,-0.2944,-0.2343,0.0,65.1201,-8.16,-15.5,-7.88,-15.8,0,402.37,306.68,-31.2,0,1,Severe,FALSE,FALSE,TRUE,NO_DATA,INCONSISTENT
Hiriyur (Chitradurga),Chitradurga,Hiriyur,13.945,76.6183,2024-07-06,2024-08-29,2024-09-25,Kharif,2024,0.0512,0.2561,0.2049,-0.0452,-0.2343,100.0,65.1201,-7.57,-14.55,-7.88,-15.8,0,402.37,306.68,-31.2,0,1,Severe,FALSE,FALSE,TRUE,NO_DATA,INCONSISTENT
Holalkere (Chitradurga),Chitradurga,Holalkere,14.0333,76.1833,2024-07-01,2024-08-24,2024-09-19,Kharif,2024,0.3467,0.2561,-0.0906,-0.326,-0.2343,87.95,65.1201,-8.75,-16.45,-9.3,-16.16,0,487.3,359.1,-35.7,0,1,Severe,FALSE,FALSE,TRUE,NO_DATA,INCONSISTENT
Hosadurga (Chitradurga),Chitradurga,Hosadurga,13.8,76.2833,2024-07-03,2024-08-26,2024-09-20,Kharif,2024,0.1092,0.2561,0.1469,-0.0998,-0.2343,100.0,65.1201,-8.16,-15.5,-6.46,-15.45,0,430.4,321.26,-33.97,0,1,Severe,FALSE,FALSE,TRUE,NO_DATA,INCONSISTENT
Molakalmuru (Chitradurga),Chitradurga,Molakalmuru,14.7333,76.75,2024-07-08,2024-09-02,2024-09-28,Kharif,2024,0.2195,0.2561,0.0366,-0.2049,-0.2343,100.0,65.1201,-8.16,-15.5,-7.88,-15.8,0,289.4,239.67,-20.75,0,1,Severe,FALSE,FALSE,TRUE,NO_DATA,INCONSISTENT
Harihara (Davanagere),Davanagere,Harihara,14.5167,75.8,2024-06-25,2024-08-18,2024-09-12,Kharif,2024,0.3883,-0.002,-0.3903,-0.3438,0.0234,100.0,100.0,-8.46,-15.92,-7.4,-15.05,0,561.1,419.53,-33.74,0,1,Severe,TRUE,FALSE,TRUE,NO_DATA,PARTIAL
Channagiri (Davanagere),Davanagere,Channagiri,14.0267,75.9283,2024-06-28,2024-08-22,2024-09-16,Kharif,2024,0.1971,0.431,0.2339,-0.1908,-0.436,100.0,0.0,-5.16,-14.19,-7.4,-15.05,0,603.8,423.25,-42.66,0,1,Severe,FALSE,FALSE,TRUE,NO_DATA,INCONSISTENT
Honnali (Davanagere),Davanagere,Honnali,14.2467,75.6433,2024-06-22,2024-08-15,2024-09-10,Kharif,2024,-0.0033,0.3392,0.3425,0.0216,-0.2977,100.0,97.84,-7.92,-16.57,-7.4,-15.05,0,539.4,439.82,-22.64,0,1,Moderate,FALSE,FALSE,TRUE,NO_DATA,INCONSISTENT
Jagalur (Davanagere),Davanagere,Jagalur,14.5333,76.35,2024-07-05,2024-08-28,2024-09-24,Kharif,2024,0.0383,0.5658,0.5275,-0.0451,-0.5279,100.0,14.78,-7.92,-16.57,-7.4,-15.05,0,365.9,348.0,-5.14,0,1,Severe,FALSE,FALSE,TRUE,NO_DATA,INCONSISTENT
Nyamathi (Davanagere),Davanagere,Nyamathi,14.15,75.5833,2024-06-24,2024-08-17,2024-09-11,Kharif,2024,-0.0176,0.3335,0.3511,0.0353,-0.3096,100.0,53.155,-10.15,-19.6,-7.4,-15.05,0,557.1,507.89,-9.69,0,1,Moderate,FALSE,FALSE,TRUE,NO_DATA,INCONSISTENT
Tiptur (Tumakuru),Tumakuru,Tiptur,13.2556,76.4783,2024-07-02,2024-08-25,2024-09-20,Kharif,2024,0.1046,0.4249,0.3203,-0.0946,-0.407,100.0,27.7967,-5.22,-14.88,-6.72,-15.03,0,422.4,327.64,-28.92,0,1,Severe,FALSE,FALSE,TRUE,NO_DATA,INCONSISTENT
Kunigal (Tumakuru),Tumakuru,Kunigal,13.0233,77.0367,2024-07-05,2024-08-28,2024-09-23,Kharif,2024,0.1877,0.5539,0.3662,-0.1758,-0.5226,100.0,0.0,-10.21,-16.89,-6.72,-15.03,0,474.0,366.44,-29.35,0,1,Severe,FALSE,FALSE,TRUE,NO_DATA,INCONSISTENT
Madhugiri (Tumakuru),Tumakuru,Madhugiri,13.66,77.21,2024-07-08,2024-09-01,2024-09-27,Kharif,2024,-0.0438,0.392,0.4358,0.0956,-0.379,100.0,1.14,-6.17,-15.96,-6.72,-15.03,0,370.8,288.83,-28.38,0,1,Severe,FALSE,FALSE,TRUE,NO_DATA,INCONSISTENT
Sira (Tumakuru),Tumakuru,Sira,13.7433,76.9033,2024-07-04,2024-08-27,2024-09-22,Kharif,2024,0.2338,0.4249,0.1911,-0.2588,-0.407,70.31,27.7967,-4.99,-15.53,-6.72,-15.03,0,422.4,327.64,-28.92,0,1,Severe,FALSE,FALSE,TRUE,NO_DATA,INCONSISTENT
Pavagada (Tumakuru),Tumakuru,Pavagada,14.1,77.2833,2024-07-10,2024-09-03,2024-09-30,Kharif,2024,0.2995,0.3288,0.0293,-0.3067,-0.3195,45.83,82.25,-6.41,-15.48,-6.72,-15.03,0,422.4,327.64,-28.92,0,1,Severe,FALSE,FALSE,TRUE,NO_DATA,INCONSISTENT
Gubbi (Tumakuru),Tumakuru,Gubbi,13.3117,76.9383,2024-07-03,2024-08-26,2024-09-21,Kharif,2024,0.1253,0.4249,0.2996,-0.1082,-0.407,100.0,27.7967,-5.47,-14.13,-6.42,-14.89,0,422.4,327.64,-28.92,0,1,Severe,FALSE,FALSE,TRUE,NO_DATA,INCONSISTENT
Turuvekere (Tumakuru),Tumakuru,Turuvekere,13.16,76.6667,2024-07-01,2024-08-23,2024-09-18,Kharif,2024,0.227,0.4249,0.1979,-0.218,-0.407,100.0,27.7967,-6.41,-15.48,-6.25,-15.27,0,422.4,327.64,-28.92,0,1,Severe,FALSE,FALSE,TRUE,NO_DATA,INCONSISTENT
Chikkanayakanahalli (Tumakuru),Tumakuru,Chikkanayakanahalli,13.4167,76.6167,2024-07-02,2024-08-25,2024-09-19,Kharif,2024,0.169,0.4249,0.2559,-0.1521,-0.407,100.0,27.7967,-6.41,-15.48,-7.49,-14.94,0,422.4,327.64,-28.92,0,1,Severe,FALSE,FALSE,TRUE,NO_DATA,INCONSISTENT
Bhadravati (Shivamogga),Shivamogga,Bhadravati,13.84,75.7,2024-06-18,2024-08-10,2024-09-05,Kharif,2024,0.0467,0.367,0.3203,-0.0496,-0.3053,100.0,50.0,-7.0,-13.95,-6.67,-13.64,0,541.87,366.13,-48.0,0,1,Moderate,FALSE,FALSE,TRUE,NO_DATA,INCONSISTENT
Shikaripura (Shivamogga),Shivamogga,Shikaripura,14.27,75.35,2024-06-20,2024-08-14,2024-09-08,Kharif,2024,0.4316,0.367,-0.0646,-0.4168,-0.3053,0.0,50.0,-7.62,-14.65,-7.3,-14.46,0,541.87,366.13,-48.0,0,1,Severe,FALSE,FALSE,TRUE,NO_DATA,INCONSISTENT
Soraba (Shivamogga),Shivamogga,Soraba,14.3833,75.1,2024-06-15,2024-08-08,2024-09-02,Kharif,2024,0.2678,0.367,0.0992,-0.2303,-0.3053,100.0,50.0,-8.25,-15.35,-7.94,-15.28,0,541.87,366.13,-48.0,0,1,Moderate,FALSE,FALSE,TRUE,NO_DATA,INCONSISTENT
Sagar (Shivamogga),Shivamogga,Sagar,14.1667,75.0333,2024-06-16,2024-08-09,2024-09-04,Kharif,2024,0.0676,0.077,0.0094,-0.0524,-0.0435,100.0,100.0,-7.62,-14.65,-7.3,-14.46,0,541.87,366.13,-48.0,0,1,Moderate,FALSE,FALSE,TRUE,NO_DATA,INCONSISTENT
Thirthahalli (Shivamogga),Shivamogga,Thirthahalli,13.7,75.2333,2024-06-12,2024-08-05,2024-09-01,Kharif,2024,0.3569,0.6571,0.3002,-0.3141,-0.5671,100.0,0.0,-7.62,-14.65,-7.3,-14.46,0,541.87,366.13,-48.0,0,1,Moderate,FALSE,FALSE,TRUE,NO_DATA,INCONSISTENT
Nanjangud (Mysuru),Mysuru,Nanjangud,12.1167,76.6833,2024-06-25,2024-08-18,2024-09-14,Kharif,2024,-0.026,0.5693,0.5953,0.0425,-0.5109,100.0,24.4233,-7.7,-15.82,-7.09,-15.16,0,541.87,366.13,-48.0,0,1,Severe,FALSE,FALSE,TRUE,NO_DATA,INCONSISTENT
Hunsur (Mysuru),Mysuru,Hunsur,12.31,76.29,2024-06-22,2024-08-15,2024-09-10,Kharif,2024,0.4176,0.412,-0.0056,-0.4032,-0.3965,26.06,45.0,-7.7,-15.82,-7.09,-15.16,0,541.87,366.13,-48.0,0,1,Severe,FALSE,FALSE,TRUE,NO_DATA,INCONSISTENT
Piriyapatna (Mysuru),Mysuru,Piriyapatna,12.34,76.1,2024-06-20,2024-08-12,2024-09-08,Kharif,2024,0.2577,0.5966,0.3389,-0.2174,-0.513,100.0,0.0,-7.7,-15.82,-7.09,-15.16,0,541.87,366.13,-48.0,0,1,Severe,FALSE,FALSE,TRUE,NO_DATA,INCONSISTENT
T. Narasipura (Mysuru),Mysuru,T. Narasipura,12.2133,76.9033,2024-06-28,2024-08-20,2024-09-16,Kharif,2024,0.0609,0.5693,0.5084,-0.0593,-0.5109,100.0,24.4233,-7.7,-15.82,-7.09,-15.16,0,541.87,366.13,-48.0,0,1,Severe,FALSE,FALSE,TRUE,NO_DATA,INCONSISTENT
Heggadadevankote (Mysuru),Mysuru,Heggadadevankote,11.9167,76.3333,2024-06-24,2024-08-16,2024-09-12,Kharif,2024,0.4497,0.6992,0.2495,-0.4125,-0.6232,73.04,28.27,-7.7,-15.82,-7.09,-15.16,0,541.87,366.13,-48.0,0,1,Moderate,FALSE,FALSE,TRUE,NO_DATA,INCONSISTENT
Maddur (Mandya),Mandya,Maddur,12.5833,77.05,2024-07-02,2024-08-24,2024-09-20,Kharif,2024,0.0463,0.4896,0.4433,-0.0434,-0.4573,100.0,36.3,-6.64,-14.24,-5.85,-14.82,0,541.87,366.13,-48.0,0,1,Severe,FALSE,FALSE,TRUE,NO_DATA,INCONSISTENT
Malavalli (Mandya),Mandya,Malavalli,12.3867,77.0567,2024-07-05,2024-08-28,2024-09-24,Kharif,2024,0.0488,0.4896,0.4408,-0.0485,-0.4573,100.0,36.3,-6.64,-14.24,-5.85,-14.82,0,541.87,366.13,-48.0,0,1,Severe,FALSE,FALSE,TRUE,NO_DATA,INCONSISTENT
Pandavapura (Mandya),Mandya,Pandavapura,12.4933,76.6667,2024-06-28,2024-08-21,2024-09-17,Kharif,2024,0.1436,0.4896,0.346,-0.1309,-0.4573,100.0,36.3,-6.64,-14.24,-5.85,-14.82,0,541.87,366.13,-48.0,0,1,Severe,FALSE,FALSE,TRUE,NO_DATA,INCONSISTENT
Krishnarajpet (Mandya),Mandya,Krishnarajpet,12.66,76.49,2024-06-30,2024-08-22,2024-09-18,Kharif,2024,0.294,0.4896,0.1956,-0.2679,-0.4573,96.32,36.3,-6.64,-14.24,-5.85,-14.82,0,541.87,366.13,-48.0,0,1,Severe,FALSE,FALSE,TRUE,NO_DATA,INCONSISTENT
Kollegal (Chamarajanagar),Chamarajanagar,Kollegal,12.155,77.1183,2024-07-06,2024-08-30,2024-09-26,Kharif,2024,0.0611,0.397,0.3359,-0.06,-0.3915,100.0,55.06,-7.7,-15.82,-7.4,-15.05,0,541.87,366.13,-48.0,0,1,Severe,FALSE,FALSE,TRUE,NO_DATA,INCONSISTENT
Gundlupet (Chamarajanagar),Chamarajanagar,Gundlupet,11.8,76.6833,2024-06-26,2024-08-19,2024-09-15,Kharif,2024,0.0414,0.397,0.3556,-0.0417,-0.3915,100.0,55.06,-7.7,-15.82,-7.4,-15.05,0,541.87,366.13,-48.0,0,1,Severe,FALSE,FALSE,TRUE,NO_DATA,INCONSISTENT
Channarayapatna (Hassan),Hassan,Channarayapatna,12.9033,76.39,2024-07-01,2024-08-24,2024-09-20,Kharif,2024,0.1222,0.1935,0.0713,-0.1186,-0.2021,100.0,79.34,-5.7,-15.26,-7.4,-15.05,0,541.87,366.13,-48.0,0,1,Severe,FALSE,FALSE,TRUE,NO_DATA,INCONSISTENT
Arsikere (Hassan),Hassan,Arsikere,13.3133,76.2567,2024-06-28,2024-08-20,2024-09-16,Kharif,2024,0.0194,0.1935,0.1741,-0.0231,-0.2021,100.0,79.34,-5.7,-15.26,-7.4,-15.05,0,541.87,366.13,-48.0,0,1,Severe,FALSE,FALSE,TRUE,NO_DATA,INCONSISTENT
Holenarasipura (Hassan),Hassan,Holenarasipura,12.79,76.24,2024-06-26,2024-08-18,2024-09-14,Kharif,2024,0.299,0.1935,-0.1055,-0.2699,-0.2021,91.31,79.34,-5.7,-15.26,-7.4,-15.05,0,541.87,366.13,-48.0,0,1,Severe,TRUE,FALSE,TRUE,NO_DATA,PARTIAL
Kadur (Chikkamagaluru),Chikkamagaluru,Kadur,13.55,76.01,2024-06-25,2024-08-17,2024-09-12,Kharif,2024,0.0128,0.2132,0.2004,-0.0072,-0.2261,100.0,84.77,-7.7,-15.82,-10.07,-16.88,0,541.87,366.13,-48.0,0,1,Severe,FALSE,FALSE,TRUE,NO_DATA,INCONSISTENT
Tarikere (Chikkamagaluru),Chikkamagaluru,Tarikere,13.7167,75.8167,2024-06-22,2024-08-15,2024-09-10,Kharif,2024,0.0977,0.2132,0.1155,-0.0638,-0.2261,100.0,84.77,-7.7,-15.82,-10.07,-16.88,0,541.87,366.13,-48.0,0,1,Severe,FALSE,FALSE,TRUE,NO_DATA,INCONSISTENT
Gauribidanur (Chikkaballapur),Chikkaballapur,Gauribidanur,13.6117,77.5183,2024-07-04,2024-08-27,2024-09-22,Kharif,2024,0.0103,0.2561,0.2458,0.0368,-0.2343,100.0,65.1201,-7.7,-15.82,-6.5,-15.47,0,541.87,366.13,-48.0,0,1,Severe,FALSE,FALSE,TRUE,NO_DATA,INCONSISTENT
