village_name,district,taluk,latitude,longitude,sowing_date,loss_window_start,loss_window_end,season,year,pre_loss_ndvi,post_loss_ndvi,ndvi_change,pre_loss_ndwi,post_loss_ndwi,s2_cloud_pct_pre,s2_cloud_pct_post,s1_vv_db_pre,s1_vh_db_pre,s1_vv_db_post,s1_vh_db_post,s1_fallback_used,actual_rainfall_mm,normal_rainfall_mm,rainfall_deficit_pct,drought_rainfall_flag,ksdma_officially_declared_drought,ksdma_drought_severity,crop_name,des_historical_avg_yield_kg_ha,des_current_yield_kg_ha,des_yield_loss_pct,ndvi_supports_loss,rainfall_supports_drought,ksdma_supports_loss,yield_supports_loss,multimodal_verdict
Devihosur (Haveri),Haveri,Devihosur,14.7833,75.3833,2024-06-20,2024-08-15,2024-09-10,Kharif,2024,0.2477,0.3734,0.1257,-0.2316,-0.3224,99.22,97.84,-10.2,-17.37,-8.19,-14.48,0,631.7,404.01,-56.36,0,1,Severe,Rice,3165.2,2091.0,33.94,FALSE,FALSE,TRUE,TRUE,PARTIAL
Savanur (Haveri),Haveri,Savanur,14.975,75.335,2024-06-18,2024-08-10,2024-09-05,Kharif,2024,0.027,-0.0245,-0.0515,-0.0362,0.0509,100.0,100.0,-6.6,-14.39,-6.3,-13.94,0,586.4,446.34,-31.38,0,1,Severe,Rice,3165.2,2091.0,33.94,FALSE,FALSE,TRUE,TRUE,PARTIAL
Gokak (Belagavi),Belagavi,Gokak,16.1667,74.8333,2024-06-25,2024-08-20,2024-09-15,Kharif,2024,0.0323,0.3644,0.3321,-0.0239,-0.3839,100.0,40.98,,,,,0,483.6,411.66,-17.48,0,1,Severe,Rice,3165.2,2561.0,19.09,FALSE,FALSE,TRUE,FALSE,INCONSISTENT
Ramdurg (Belagavi),Belagavi,Ramdurg,15.95,75.2833,2024-06-22,2024-08-12,2024-09-08,Kharif,2024,-0.0368,0.4713,0.5081,0.057,-0.4101,100.0,100.0,-9.9,-16.84,-9.04,-15.33,0,488.8,320.73,-52.4,0,1,Severe,Rice,3165.2,2561.0,19.09,FALSE,FALSE,TRUE,FALSE,INCONSISTENT
Athani (Belagavi),Belagavi,Athani,16.7267,75.0633,2024-07-05,2024-09-01,2024-09-25,Kharif,2024,0.0413,0.1969,0.1556,-0.0387,-0.1822,100.0,74.08,-4.88,-13.97,-3.69,-13.06,0,607.0,351.45,-72.71,0,1,Severe,Rice,3165.2,2561.0,19.09,FALSE,FALSE,TRUE,FALSE,INCONSISTENT
Annigeri (Dharwad),Dharwad,Annigeri,15.4333,75.4333,2024-07-01,2024-08-25,2024-09-20,Kharif,2024,0.0803,0.0389,-0.0414,-0.0549,-0.0311,100.0,100.0,-8.07,-16.17,-6.81,-14.54,0,494.7,353.39,-39.99,0,1,Severe,Rice,3165.2,1351.0,57.32,FALSE,FALSE,TRUE,TRUE,PARTIAL
Kundgol (Dharwad),Dharwad,Kundgol,15.2567,75.25,2024-06-28,2024-08-20,2024-09-15,Kharif,2024,0.0171,0.0549,0.0378,-0.0136,-0.0344,100.0,100.0,-7.31,-15.47,-7.2,-14.56,0,580.1,427.61,-35.66,0,1,Severe,Rice,3165.2,1351.0,57.32,FALSE,FALSE,TRUE,TRUE,PARTIAL
Navalgund (Dharwad),Dharwad,Navalgund,15.5667,75.35,2024-07-03,2024-08-28,2024-09-22,Kharif,2024,0.0489,0.1556,0.1067,-0.0424,-0.1468,100.0,100.0,-10.45,-18.72,-8.0,-14.88,0,481.7,357.18,-34.86,0,1,Severe,Rice,3165.2,1351.0,57.32,FALSE,FALSE,TRUE,TRUE,PARTIAL
Aland (Kalaburagi),Kalaburagi,Aland,17.5667,76.5667,2024-06-15,2024-08-10,2024-09-05,Kharif,2024,0.0287,0.0063,-0.0224,-0.0216,0.0343,100.0,100.0,-5.07,-13.62,-4.91,-13.68,0,822.3,430.72,-90.91,0,1,Severe,Rice,3165.2,2563.0,19.03,FALSE,FALSE,TRUE,FALSE,INCONSISTENT
Chincholi (Kalaburagi),Kalaburagi,Chincholi,17.4667,77.4167,2024-06-12,2024-08-05,2024-09-01,Kharif,2024,0.1383,-0.0068,-0.1451,-0.1383,-0.0006,100.0,100.0,-7.93,-15.91,-7.11,-14.9,0,847.4,521.67,-62.44,0,1,Severe,Rice,3165.2,2563.0,19.03,TRUE,FALSE,TRUE,FALSE,PARTIAL
Sedam (Kalaburagi),Kalaburagi,Sedam,17.1833,76.9333,2024-06-18,2024-08-08,2024-09-03,Kharif,2024,0.0681,-0.0053,-0.0734,-0.0584,-0.0074,100.0,100.0,-11.21,-20.65,-10.18,-18.68,0,753.1,413.91,-81.95,0,1,Severe,Rice,3165.2,2563.0,19.03,FALSE,FALSE,TRUE,FALSE,INCONSISTENT
Afzalpur (Kalaburagi),Kalaburagi,Afzalpur,17.2,76.3667,2024-06-20,2024-08-15,2024-09-10,Kharif,2024,0.0584,0.4199,0.3615,-0.0511,-0.3646,100.0,95.0,-8.44,-15.9,-7.51,-14.3,0,741.6,412.47,-79.79,0,1,Severe,Rice,3165.2,2563.0,19.03,FALSE,FALSE,TRUE,FALSE,INCONSISTENT
Sindhanur (Raichur),Raichur,Sindhanur,15.7667,76.7667,2024-07-10,2024-09-01,2024-09-30,Kharif,2024,0.1669,0.4324,0.2655,-0.1527,-0.425,100.0,0.0,-8.51,-17.5,,,0,445.7,318.97,-39.73,0,1,Severe,Rice,3165.2,3755.0,-18.63,FALSE,FALSE,TRUE,FALSE,INCONSISTENT
Manvi (Raichur),Raichur,Manvi,15.9833,76.5333,2024-07-08,2024-08-28,2024-09-25,Kharif,2024,0.3033,0.1217,-0.1816,-0.3396,-0.0973,69.95,100.0,-9.56,-17.3,-9.52,-16.67,0,396.5,291.2,-36.16,0,1,Severe,Rice,3165.2,3755.0,-18.63,TRUE,FALSE,TRUE,FALSE,PARTIAL
Devadurga (Raichur),Raichur,Devadurga,15.75,76.4833,2024-07-05,2024-08-25,2024-09-20,Kharif,2024,0.0353,-0.092,-0.1273,-0.0408,0.1498,100.0,100.0,-9.81,-18.93,-7.74,-16.01,0,311.0,270.19,-15.1,0,1,Severe,Rice,3165.2,3755.0,-18.63,TRUE,FALSE,TRUE,FALSE,PARTIAL
Lingsugur (Raichur),Raichur,Lingsugur,16.1567,76.5233,2024-07-12,2024-09-05,2024-10-01,Kharif,2024,0.0125,0.3365,0.324,-0.0122,-0.3452,100.0,0.0,-7.39,-15.45,,,0,436.9,333.73,-30.91,0,1,Severe,Rice,3165.2,3755.0,-18.63,FALSE,FALSE,TRUE,FALSE,INCONSISTENT
Gangavathi (Koppal),Koppal,Gangavathi,15.4317,76.5317,2024-07-01,2024-08-25,2024-09-18,Kharif,2024,0.1691,0.044,-0.1251,-0.1667,-0.0164,100.0,100.0,-5.19,-15.18,-5.01,-14.87,0,310.8,265.66,-16.99,0,1,Severe,Rice,3165.2,4243.0,-34.05,TRUE,FALSE,TRUE,FALSE,PARTIAL
Kushtagi (Koppal),Koppal,Kushtagi,15.7567,76.1917,2024-07-06,2024-08-30,2024-09-25,Kharif,2024,0.1091,0.1946,0.0855,-0.1042,-0.2005,100.0,100.0,-7.04,-16.13,-5.79,-15.14,0,435.3,308.95,-40.9,0,1,Severe,Rice,3165.2,4243.0,-34.05,FALSE,FALSE,TRUE,FALSE,INCONSISTENT
Yelburga (Koppal),Koppal,Yelburga,15.6,76.0167,2024-07-04,2024-08-27,2024-09-22,Kharif,2024,0.0638,0.2668,0.203,-0.0581,-0.278,100.0,96.44,-8.79,-17.69,-8.28,-16.14,0,457.9,310.71,-47.37,0,1,Severe,Rice,3165.2,4243.0,-34.05,FALSE,FALSE,TRUE,FALSE,INCONSISTENT
Koppal Town (Koppal),Koppal,Koppal Town,15.35,76.15,2024-07-02,2024-08-22,2024-09-15,Kharif,2024,0.0916,0.1333,0.0417,-0.0932,-0.1116,100.0,100.0,-6.39,-14.81,-6.6,-14.97,0,397.6,248.5,-60.0,0,1,Severe,Rice,3165.2,4243.0,-34.05,FALSE,FALSE,TRUE,FALSE,INCONSISTENT
Indi (Vijayapura),Vijayapura,Indi,17.175,75.9533,2024-06-25,2024-08-18,2024-09-12,Kharif,2024,0.0218,0.2981,0.2763,-0.0003,-0.2893,100.0,99.71,-7.11,-14.39,-6.68,-14.11,0,694.5,369.77,-87.82,0,1,Severe,Rice,3165.2,3394.0,-7.23,FALSE,FALSE,TRUE,FALSE,INCONSISTENT
Muddebihal (Vijayapura),Vijayapura,Muddebihal,16.3333,76.1333,2024-06-28,2024-08-20,2024-09-15,Kharif,2024,0.1117,0.3319,0.2202,-0.1174,-0.3461,100.0,43.36,-6.41,-13.95,,,0,522.0,310.71,-68.0,0,1,Severe,Rice,3165.2,3394.0,-7.23,FALSE,FALSE,TRUE,FALSE,INCONSISTENT
Basavana Bagewadi (Vijayapura),Vijayapura,Basavana Bagewadi,16.5667,75.9667,2024-06-30,2024-08-22,2024-09-18,Kharif,2024,0.1708,0.3452,0.1744,-0.154,-0.366,100.0,52.45,-7.96,-15.53,-7.6,-14.22,0,498.0,351.53,-41.67,0,1,Severe,Rice,3165.2,3394.0,-7.23,FALSE,FALSE,TRUE,FALSE,INCONSISTENT
Sindgi (Vijayapura),Vijayapura,Sindgi,16.9167,76.2333,2024-06-22,2024-08-14,2024-09-08,Kharif,2024,0.0813,0.1851,0.1038,-0.064,-0.1942,100.0,53.98,-5.89,-15.21,-5.6,-14.82,0,612.9,314.49,-94.89,0,1,Severe,Rice,3165.2,3394.0,-7.23,FALSE,FALSE,TRUE,FALSE,INCONSISTENT
Ron (Gadag),Gadag,Ron,15.6833,75.7333,2024-06-28,2024-08-22,2024-09-16,Kharif,2024,0.1358,0.2652,0.1294,-0.1066,-0.3174,100.0,39.48,-8.73,-16.96,,,0,477.4,328.26,-45.43,0,1,Severe,Rice,3165.2,3106.0,1.87,FALSE,FALSE,TRUE,FALSE,INCONSISTENT
Mundargi (Gadag),Gadag,Mundargi,15.2083,75.8833,2024-07-02,2024-08-26,2024-09-20,Kharif,2024,0.0919,0.0422,-0.0497,-0.0993,-0.0314,100.0,100.0,-8.3,-14.72,-7.24,-13.46,0,372.0,278.52,-33.56,0,1,Severe,Rice,3165.2,3106.0,1.87,FALSE,FALSE,TRUE,FALSE,INCONSISTENT
Nargund (Gadag),Gadag,Nargund,15.7167,75.3833,2024-06-25,2024-08-18,2024-09-12,Kharif,2024,0.0145,0.2238,0.2093,0.0075,-0.2242,100.0,89.64,-7.44,-15.32,-7.28,-14.84,0,470.6,328.04,-43.46,0,1,Severe,Rice,3165.2,3106.0,1.87,FALSE,FALSE,TRUE,FALSE,INCONSISTENT
Shirhatti (Gadag),Gadag,Shirhatti,15.2333,75.5667,2024-07-01,2024-08-24,2024-09-18,Kharif,2024,0.0719,0.1925,0.1206,-0.0739,-0.1644,100.0,100.0,-8.94,-17.0,-7.96,-14.07,0,506.8,360.41,-40.62,0,1,Severe,Rice,3165.2,3106.0,1.87,FALSE,FALSE,TRUE,FALSE,INCONSISTENT
Ranebennur (Haveri),Haveri,Ranebennur,14.62,75.63,2024-06-22,2024-08-16,2024-09-10,Kharif,2024,-0.0001,0.2048,0.2049,0.0282,-0.2163,100.0,83.92,-6.11,-14.4,-5.9,-14.17,0,596.2,416.93,-43.0,0,1,Severe,Rice,3165.2,2091.0,33.94,FALSE,FALSE,TRUE,TRUE,PARTIAL
Byadgi (Haveri),Haveri,Byadgi,14.6733,75.4867,2024-06-24,2024-08-18,2024-09-12,Kharif,2024,0.2142,0.1457,-0.0685,-0.2103,-0.1194,100.0,100.0,-6.92,-14.85,-6.28,-14.26,0,672.3,390.26,-72.27,0,1,Severe,Rice,3165.2,2091.0,33.94,FALSE,FALSE,TRUE,TRUE,PARTIAL
Hangal (Haveri),Haveri,Hangal,14.7633,75.1233,2024-06-20,2024-08-14,2024-09-08,Kharif,2024,0.1554,0.0028,-0.1526,-0.1481,0.0272,100.0,100.0,-6.56,-14.72,-5.51,-13.74,0,794.2,684.53,-16.02,0,1,Moderate,Rice,3165.2,2091.0,33.94,TRUE,FALSE,TRUE,TRUE,CONSISTENT
Hirekerur (Haveri),Haveri,Hirekerur,14.4567,75.3933,2024-06-26,2024-08-20,2024-09-15,Kharif,2024,0.0728,0.4563,0.3835,-0.0534,-0.4309,100.0,31.49,-7.1,-14.93,,,0,639.8,465.92,-37.32,0,1,Severe,Rice,3165.2,2091.0,33.94,FALSE,FALSE,TRUE,TRUE,PARTIAL
Bellary Town (Bellary),Bellary,Bellary Town,15.1394,76.9214,2024-07-08,2024-09-01,2024-09-28,Kharif,2024,0.2712,0.1367,-0.1345,-0.2995,-0.1414,26.01,100.0,,,-3.74,-13.1,0,349.1,268.86,-29.84,0,1,Severe,Rice,3165.2,4113.0,-29.94,TRUE,FALSE,TRUE,FALSE,PARTIAL
Hospet (Bellary),Bellary,Hospet,15.2689,76.3909,2024-07-05,2024-08-28,2024-09-22,Kharif,2024,0.0985,0.2455,0.147,-0.0934,-0.2676,100.0,15.63,-6.11,-13.52,,,0,357.9,265.14,-34.99,0,1,Severe,Rice,3165.2,4113.0,-29.94,FALSE,FALSE,TRUE,FALSE,INCONSISTENT
Sandur (Bellary),Bellary,Sandur,15.0833,76.55,2024-07-10,2024-09-03,2024-09-30,Kharif,2024,0.0833,0.2726,0.1893,-0.0569,-0.2423,100.0,98.05,-7.32,-15.54,-5.52,-12.98,0,406.7,356.03,-14.23,0,1,Severe,Rice,3165.2,4113.0,-29.94,FALSE,FALSE,TRUE,FALSE,INCONSISTENT
Siruguppa (Bellary),Bellary,Siruguppa,15.6333,76.8967,2024-07-12,2024-09-05,2024-10-01,Kharif,2024,0.0864,0.4161,0.3297,-0.0893,-0.4067,100.0,0.0,-7.7,-16.14,,,0,383.8,315.79,-21.54,0,1,Severe,Rice,3165.2,4113.0,-29.94,FALSE,FALSE,TRUE,FALSE,INCONSISTENT
Shorapur (Yadgir),Yadgir,Shorapur,16.52,76.76,2024-06-20,2024-08-15,2024-09-10,Kharif,2024,0.08,0.2432,0.1632,-0.0832,-0.2405,100.0,88.88,-7.15,-15.35,-6.68,-14.97,0,733.1,354.6,-106.74,0,1,Severe,Rice,3165.2,3642.0,-15.06,FALSE,FALSE,TRUE,FALSE,INCONSISTENT
Shahapur (Yadgir),Yadgir,Shahapur,16.6933,76.8433,2024-06-18,2024-08-12,2024-09-06,Kharif,2024,0.1675,0.3512,0.1837,-0.1688,-0.3418,100.0,90.98,-6.14,-15.28,-5.43,-14.6,0,689.5,371.75,-85.47,0,1,Severe,Rice,3165.2,3642.0,-15.06,FALSE,FALSE,TRUE,FALSE,INCONSISTENT
Hunasagi (Yadgir),Yadgir,Hunasagi,16.35,76.4667,2024-06-25,2024-08-20,2024-09-15,Kharif,2024,0.1001,0.6924,0.5923,-0.0741,-0.6307,100.0,7.59,-10.45,-18.79,,,0,537.7,332.54,-61.69,0,1,Severe,Rice,3165.2,3642.0,-15.06,FALSE,FALSE,TRUE,FALSE,INCONSISTENT
Surapura (Yadgir),Yadgir,Surapura,16.4333,76.8,2024-06-22,2024-08-16,2024-09-10,Kharif,2024,0.0372,0.1243,0.0871,-0.0185,-0.0888,100.0,100.0,-7.4,-17.66,-9.59,-17.45,0,616.3,350.93,-75.62,0,1,Severe,Rice,3165.2,3642.0,-15.06,FALSE,FALSE,TRUE,FALSE,INCONSISTENT
Jamkhandi (Bagalkot),Bagalkot,Jamkhandi,16.5,75.2833,2024-06-28,2024-08-22,2024-09-16,Kharif,2024,0.0738,0.4793,0.4055,-0.071,-0.5084,100.0,5.27,-8.82,-15.74,,,0,519.6,338.17,-53.65,0,1,Severe,Rice,3165.2,3394.0,-7.23,FALSE,FALSE,TRUE,FALSE,INCONSISTENT
Badami (Bagalkot),Bagalkot,Badami,15.9167,75.6833,2024-07-01,2024-08-25,2024-09-20,Kharif,2024,-0.0485,0.2292,0.2777,0.0767,-0.2266,100.0,82.44,-9.19,-16.5,-9.38,-16.11,0,514.7,318.52,-61.59,0,1,Severe,Rice,3165.2,3394.0,-7.23,FALSE,FALSE,TRUE,FALSE,INCONSISTENT
Bilgi (Bagalkot),Bagalkot,Bilgi,16.35,75.6167,2024-06-30,2024-08-24,2024-09-18,Kharif,2024,0.2158,0.3475,0.1317,-0.2157,-0.3557,100.0,12.07,-7.65,-16.13,,,0,492.7,342.73,-43.76,0,1,Severe,Rice,3165.2,3394.0,-7.23,FALSE,FALSE,TRUE,FALSE,INCONSISTENT
Mudhol (Bagalkot),Bagalkot,Mudhol,16.3333,75.2833,2024-06-26,2024-08-18,2024-09-12,Kharif,2024,0.0723,0.2925,0.2202,-0.0638,-0.3065,100.0,30.69,-6.62,-14.26,,,0,544.3,330.37,-64.75,0,1,Severe,Rice,3165.2,3394.0,-7.23,FALSE,FALSE,TRUE,FALSE,INCONSISTENT
Shiggaon (Haveri),Haveri,Shiggaon,14.9917,75.225,2024-06-19,2024-08-13,2024-09-07,Kharif,2024,0.1021,0.2972,0.1951,-0.1053,-0.2856,100.0,99.62,-6.85,-14.72,-6.48,-14.19,0,648.9,451.94,-43.58,0,1,Severe,Rice,3165.2,2091.0,33.94,FALSE,FALSE,TRUE,TRUE,PARTIAL
Hubballi Rural (Dharwad),Dharwad,Hubballi Rural,15.3647,75.124,2024-07-02,2024-08-26,2024-09-20,Kharif,2024,0.0731,-0.0098,-0.0829,-0.0643,0.0171,100.0,100.0,-7.2,-13.47,-6.95,-13.35,0,,,,,1,Severe,Rice,3165.2,1351.0,57.32,FALSE,NO_DATA,TRUE,TRUE,PARTIAL
Kalghatgi (Dharwad),Dharwad,Kalghatgi,15.1833,74.9667,2024-07-05,2024-08-30,2024-09-24,Kharif,2024,0.0522,0.1917,0.1395,-0.0459,-0.1549,100.0,94.02,-6.65,-14.02,-6.87,-13.96,0,,,,,1,Severe,Rice,3165.2,1351.0,57.32,FALSE,NO_DATA,TRUE,TRUE,PARTIAL
Jewargi (Kalaburagi),Kalaburagi,Jewargi,17.0167,76.7833,2024-06-16,2024-08-08,2024-09-02,Kharif,2024,0.0127,0.4923,0.4796,-0.0051,-0.434,100.0,37.22,-10.25,-19.17,,,0,,,,,1,Severe,Rice,3165.2,2563.0,19.03,FALSE,NO_DATA,TRUE,FALSE,INCONSISTENT
Chittapur (Kalaburagi),Kalaburagi,Chittapur,17.1167,76.65,2024-06-14,2024-08-06,2024-09-01,Kharif,2024,0.0143,0.4023,0.388,-0.0078,-0.3593,100.0,57.52,-8.29,-19.31,-9.78,-18.8,0,,,,,1,Severe,Rice,3165.2,2563.0,19.03,FALSE,NO_DATA,TRUE,FALSE,INCONSISTENT
Shahabad (Kalaburagi),Kalaburagi,Shahabad,17.3333,76.9333,2024-06-20,2024-08-12,2024-09-08,Kharif,2024,0.1047,0.4997,0.395,-0.1057,-0.4674,95.72,0.38,-10.79,-20.78,,,0,,436.44,,,1,Severe,Rice,3165.2,2563.0,19.03,FALSE,NO_DATA,TRUE,FALSE,INCONSISTENT
Hagaribommanahalli (Bellary),Bellary,Hagaribommanahalli,15.0383,76.2117,2024-07-06,2024-08-28,2024-09-24,Kharif,2024,0.0767,0.3796,0.3029,-0.0792,-0.367,100.0,79.75,-8.73,-15.26,-9.4,-15.89,0,408.8,288.53,-41.68,0,1,Severe,Rice,3165.2,4113.0,-29.94,FALSE,FALSE,TRUE,FALSE,INCONSISTENT
Kudligi (Bellary),Bellary,Kudligi,14.9033,76.3867,2024-07-08,2024-09-01,2024-09-28,Kharif,2024,0.0162,0.0128,-0.0034,0.0091,-0.0038,100.0,100.0,-6.57,-15.3,-7.52,-15.81,0,481.2,350.05,-37.47,0,1,Severe,Rice,3165.2,4113.0,-29.94,FALSE,FALSE,TRUE,FALSE,INCONSISTENT
Kampli (Bellary),Bellary,Kampli,15.4,76.6,2024-07-04,2024-08-26,2024-09-21,Kharif,2024,0.3834,-0.0929,-0.4763,-0.3696,0.1541,7.38,100.0,,,-9.34,-16.93,0,303.7,265.33,-14.46,0,1,Severe,Rice,3165.2,4113.0,-29.94,TRUE,FALSE,TRUE,FALSE,PARTIAL
Humnabad (Bidar),Bidar,Humnabad,17.7667,76.9333,2024-06-16,2024-08-10,2024-09-04,Kharif,2024,0.0428,-0.024,-0.0668,-0.047,0.0139,100.0,100.0,-10.03,-19.48,-7.39,-14.42,0,884.5,477.64,-85.18,0,1,Severe,Rice,3165.2,1703.0,46.2,FALSE,FALSE,TRUE,TRUE,PARTIAL
Basavakalyan (Bidar),Bidar,Basavakalyan,17.87,76.95,2024-06-14,2024-08-08,2024-09-02,Kharif,2024,0.023,-0.0197,-0.0427,-0.0193,0.0065,100.0,100.0,-6.18,-15.03,-6.06,-15.23,0,840.9,483.41,-73.95,0,1,Severe,Rice,3165.2,1703.0,46.2,FALSE,FALSE,TRUE,TRUE,PARTIAL
Bhalki (Bidar),Bidar,Bhalki,18.0483,76.3233,2024-06-12,2024-08-05,2024-08-30,Kharif,2024,0.0085,0.086,0.0775,0.0072,-0.0598,100.0,100.0,-7.69,-15.99,-8.0,-15.07,0,753.9,477.18,-57.99,0,1,Severe,Rice,3165.2,1703.0,46.2,FALSE,FALSE,TRUE,TRUE,PARTIAL
Aurad (Bidar),Bidar,Aurad,17.4667,77.2167,2024-06-18,2024-08-12,2024-09-06,Kharif,2024,0.0448,0.45,0.4052,-0.0372,-0.3699,100.0,74.66,-10.53,-22.49,-7.77,-14.17,0,894.3,493.52,-81.21,0,1,Severe,Rice,3165.2,1703.0,46.2,FALSE,FALSE,TRUE,TRUE,PARTIAL
Hoovina Hadagali (Bellary),Bellary,Hoovina Hadagali,14.8,75.9333,2024-07-02,2024-08-24,2024-09-19,Kharif,2024,0.1064,0.2587,0.1523,-0.1145,-0.2313,100.0,42.29,-11.54,-19.97,,,0,574.4,337.48,-70.2,0,1,Severe,Rice,3165.2,4113.0,-29.94,FALSE,FALSE,TRUE,FALSE,INCONSISTENT
Gudur (Raichur),Raichur,Gudur,16.2283,76.8283,2024-07-11,2024-09-04,2024-10-01,Kharif,2024,0.2939,0.7207,0.4268,-0.4085,-0.6688,0.0,7.63,,,,,0,503.3,386.58,-30.19,0,1,Severe,Rice,3165.2,3755.0,-18.63,FALSE,FALSE,TRUE,FALSE,INCONSISTENT
Maski (Raichur),Raichur,Maski,15.96,76.66,2024-07-09,2024-09-02,2024-09-29,Kharif,2024,0.1597,0.259,0.0993,-0.1508,-0.2331,100.0,100.0,-8.08,-16.52,-7.46,-15.1,0,397.3,346.31,-14.72,0,1,Severe,Rice,3165.2,3755.0,-18.63,FALSE,FALSE,TRUE,FALSE,INCONSISTENT
Challakere (Chitradurga),Chitradurga,Challakere,14.3167,76.65,2024-07-04,2024-08-27,2024-09-22,Kharif,2024,0.2506,0.254,0.0034,-0.2944,-0.2731,0.0,63.52,,,-7.54,-14.73,0,300.0,236.72,-26.73,0,1,Severe,Rice,3165.2,2669.0,15.68,FALSE,FALSE,TRUE,FALSE,INCONSISTENT
Hiriyur (Chitradurga),Chitradurga,Hiriyur,13.945,76.6183,2024-07-06,2024-08-29,2024-09-25,Kharif,2024,0.0512,-0.015,-0.0662,-0.0452,0.0182,100.0,100.0,-7.57,-14.55,-8.01,-15.15,0,382.1,271.65,-40.66,0,1,Severe,Rice,3165.2,2669.0,15.68,FALSE,FALSE,TRUE,FALSE,INCONSISTENT
Holalkere (Chitradurga),Chitradurga,Holalkere,14.0333,76.1833,2024-07-01,2024-08-24,2024-09-19,Kharif,2024,0.3467,-0.0343,-0.381,-0.326,0.0584,87.95,100.0,-8.75,-16.45,-9.3,-16.16,0,487.3,359.1,-35.7,0,1,Severe,Rice,3165.2,2669.0,15.68,TRUE,FALSE,TRUE,FALSE,PARTIAL
Hosadurga (Chitradurga),Chitradurga,Hosadurga,13.8,76.2833,2024-07-03,2024-08-26,2024-09-20,Kharif,2024,0.1092,0.3422,0.233,-0.0998,-0.3446,100.0,61.83,-5.97,-14.89,-6.46,-15.45,0,430.4,321.26,-33.97,0,1,Severe,Rice,3165.2,2669.0,15.68,FALSE,FALSE,TRUE,FALSE,INCONSISTENT
Molakalmuru (Chitradurga),Chitradurga,Molakalmuru,14.7333,76.75,2024-07-08,2024-09-02,2024-09-28,Kharif,2024,0.2195,0.3773,0.1578,-0.2049,-0.3561,100.0,72.76,-8.78,-15.78,-8.08,-14.96,0,289.4,239.67,-20.75,0,1,Severe,Rice,3165.2,2669.0,15.68,FALSE,FALSE,TRUE,FALSE,INCONSISTENT
Harihara (Davanagere),Davanagere,Harihara,14.5167,75.8,2024-06-25,2024-08-18,2024-09-12,Kharif,2024,0.3883,-0.002,-0.3903,-0.3438,0.0234,100.0,100.0,-8.46,-15.92,-8.78,-16.62,0,561.1,419.53,-33.74,0,1,Severe,Rice,3165.2,3810.0,-20.37,TRUE,FALSE,TRUE,FALSE,PARTIAL
Channagiri (Davanagere),Davanagere,Channagiri,14.0267,75.9283,2024-06-28,2024-08-22,2024-09-16,Kharif,2024,0.1971,0.431,0.2339,-0.1908,-0.436,100.0,0.0,-5.16,-14.19,,,0,603.8,423.25,-42.66,0,1,Severe,Rice,3165.2,3810.0,-20.37,FALSE,FALSE,TRUE,FALSE,INCONSISTENT
Honnali (Davanagere),Davanagere,Honnali,14.2467,75.6433,2024-06-22,2024-08-15,2024-09-10,Kharif,2024,-0.0033,0.3392,0.3425,0.0216,-0.2977,100.0,97.84,-9.47,-16.38,-9.84,-16.89,0,539.4,439.82,-22.64,0,1,Moderate,Rice,3165.2,3810.0,-20.37,FALSE,FALSE,TRUE,FALSE,INCONSISTENT
Jagalur (Davanagere),Davanagere,Jagalur,14.5333,76.35,2024-07-05,2024-08-28,2024-09-24,Kharif,2024,0.0383,0.5658,0.5275,-0.0451,-0.5279,100.0,14.78,-10.44,-20.19,,,0,365.9,348.0,-5.14,0,1,Severe,Rice,3165.2,3810.0,-20.37,FALSE,FALSE,TRUE,FALSE,INCONSISTENT
Nyamathi (Davanagere),Davanagere,Nyamathi,14.15,75.5833,2024-06-24,2024-08-17,2024-09-11,Kharif,2024,-0.0176,0.5975,0.6151,0.0353,-0.5295,100.0,72.2,-10.15,-19.6,-7.36,-13.94,0,557.1,507.89,-9.69,0,1,Moderate,Rice,3165.2,3810.0,-20.37,FALSE,FALSE,TRUE,FALSE,INCONSISTENT
Tiptur (Tumakuru),Tumakuru,Tiptur,13.2556,76.4783,2024-07-02,2024-08-25,2024-09-20,Kharif,2024,0.1046,0.313,0.2084,-0.0946,-0.3326,100.0,30.82,-5.22,-14.88,,,0,499.0,382.64,-30.41,0,1,Severe,Rice,3165.2,3029.0,4.3,FALSE,FALSE,TRUE,FALSE,INCONSISTENT
Kunigal (Tumakuru),Tumakuru,Kunigal,13.0233,77.0367,2024-07-05,2024-08-28,2024-09-23,Kharif,2024,0.1877,0.5539,0.3662,-0.1758,-0.5226,100.0,0.0,-10.21,-16.89,,,0,474.0,366.44,-29.35,0,1,Severe,Rice,3165.2,3029.0,4.3,FALSE,FALSE,TRUE,FALSE,INCONSISTENT
Madhugiri (Tumakuru),Tumakuru,Madhugiri,13.66,77.21,2024-07-08,2024-09-01,2024-09-27,Kharif,2024,-0.0438,0.392,0.4358,0.0956,-0.379,100.0,1.14,-6.17,-15.96,,,0,370.8,288.83,-28.38,0,1,Severe,Rice,3165.2,3029.0,4.3,FALSE,FALSE,TRUE,FALSE,INCONSISTENT
Sira (Tumakuru),Tumakuru,Sira,13.7433,76.9033,2024-07-04,2024-08-27,2024-09-22,Kharif,2024,0.2338,0.235,0.0012,-0.2588,-0.2657,70.31,3.57,-4.99,-15.53,,,0,479.5,300.92,-59.34,0,1,Severe,Rice,3165.2,3029.0,4.3,FALSE,FALSE,TRUE,FALSE,INCONSISTENT
Pavagada (Tumakuru),Tumakuru,Pavagada,14.1,77.2833,2024-07-10,2024-09-03,2024-09-30,Kharif,2024,0.2995,0.3288,0.0293,-0.3067,-0.3195,45.83,82.25,,,-6.54,-13.81,0,268.6,276.94,3.01,0,1,Severe,Rice,3165.2,3029.0,4.3,FALSE,FALSE,TRUE,FALSE,INCONSISTENT
Gubbi (Tumakuru),Tumakuru,Gubbi,13.3117,76.9383,2024-07-03,2024-08-26,2024-09-21,Kharif,2024,0.1253,0.3766,0.2513,-0.1082,-0.3888,100.0,16.25,-5.47,-14.13,,,0,467.4,372.14,-25.6,0,1,Severe,Rice,3165.2,3029.0,4.3,FALSE,FALSE,TRUE,FALSE,INCONSISTENT
Turuvekere (Tumakuru),Tumakuru,Turuvekere,13.16,76.6667,2024-07-01,2024-08-23,2024-09-18,Kharif,2024,0.227,0.1885,-0.0385,-0.218,-0.1426,100.0,91.26,-6.23,-15.47,-6.25,-15.27,0,454.4,346.07,-31.3,0,1,Severe,Rice,3165.2,3029.0,4.3,FALSE,FALSE,TRUE,FALSE,INCONSISTENT
Chikkanayakanahalli (Tumakuru),Tumakuru,Chikkanayakanahalli,13.4167,76.6167,2024-07-02,2024-08-25,2024-09-19,Kharif,2024,0.169,0.4221,0.2531,-0.1521,-0.4227,100.0,24.97,-7.47,-15.53,,,0,423.6,338.77,-25.04,0,1,Severe,Rice,3165.2,3029.0,4.3,FALSE,FALSE,TRUE,FALSE,INCONSISTENT
Bhadravati (Shivamogga),Shivamogga,Bhadravati,13.84,75.7,2024-06-18,2024-08-10,2024-09-05,Kharif,2024,0.0467,0.0294,-0.0173,-0.0496,-0.0188,100.0,100.0,-7.0,-13.95,-6.67,-13.64,0,692.3,496.27,-39.5,0,1,Moderate,Rice,3165.2,2879.0,9.04,FALSE,FALSE,TRUE,FALSE,INCONSISTENT
Shikaripura (Shivamogga),Shivamogga,Shikaripura,14.27,75.35,2024-06-20,2024-08-14,2024-09-08,Kharif,2024,0.4316,0.4111,-0.0205,-0.4168,-0.3759,0.0,94.42,,,-6.78,-14.76,0,755.9,649.8,-16.33,0,1,Severe,Rice,3165.2,2879.0,9.04,FALSE,FALSE,TRUE,FALSE,INCONSISTENT
Soraba (Shivamogga),Shivamogga,Soraba,14.3833,75.1,2024-06-15,2024-08-08,2024-09-02,Kharif,2024,0.2678,0.216,-0.0518,-0.2303,-0.1722,100.0,100.0,-8.25,-15.35,-7.94,-15.28,0,919.9,872.26,-5.46,0,1,Moderate,Rice,3165.2,2879.0,9.04,FALSE,FALSE,TRUE,FALSE,INCONSISTENT
Sagar (Shivamogga),Shivamogga,Sagar,14.1667,75.0333,2024-06-16,2024-08-09,2024-09-04,Kharif,2024,0.0676,0.077,0.0094,-0.0524,-0.0435,100.0,100.0,-6.92,-14.64,-6.91,-14.66,0,1173.3,1198.43,2.1,0,1,Moderate,Rice,3165.2,2879.0,9.04,FALSE,FALSE,TRUE,FALSE,INCONSISTENT
Thirthahalli (Shivamogga),Shivamogga,Thirthahalli,13.7,75.2333,2024-06-12,2024-08-05,2024-09-01,Kharif,2024,0.3569,0.6571,0.3002,-0.3141,-0.5671,100.0,0.0,-7.44,-14.28,,,0,1301.6,1145.55,-13.62,0,1,Moderate,Rice,3165.2,2879.0,9.04,FALSE,FALSE,TRUE,FALSE,INCONSISTENT
Nanjangud (Mysuru),Mysuru,Nanjangud,12.1167,76.6833,2024-06-25,2024-08-18,2024-09-14,Kharif,2024,-0.026,0.3463,0.3723,0.0425,-0.3417,100.0,12.28,-6.22,-13.99,,,0,435.5,295.68,-47.29,0,1,Severe,Rice,3165.2,3321.0,-4.92,FALSE,FALSE,TRUE,FALSE,INCONSISTENT
Hunsur (Mysuru),Mysuru,Hunsur,12.31,76.29,2024-06-22,2024-08-15,2024-09-10,Kharif,2024,0.4176,0.412,-0.0056,-0.4032,-0.3965,26.06,45.0,,,,,0,527.8,442.2,-19.36,0,1,Severe,Rice,3165.2,3321.0,-4.92,FALSE,FALSE,TRUE,FALSE,INCONSISTENT
Piriyapatna (Mysuru),Mysuru,Piriyapatna,12.34,76.1,2024-06-20,2024-08-12,2024-09-08,Kharif,2024,0.2577,0.5966,0.3389,-0.2174,-0.513,100.0,0.0,-6.8,-15.41,,,0,599.7,738.34,18.78,0,1,Severe,Rice,3165.2,3321.0,-4.92,FALSE,FALSE,TRUE,FALSE,INCONSISTENT
T. Narasipura (Mysuru),Mysuru,T. Narasipura,12.2133,76.9033,2024-06-28,2024-08-20,2024-09-16,Kharif,2024,0.0609,0.3164,0.2555,-0.0593,-0.3148,100.0,31.91,-6.62,-15.16,,,0,381.5,303.98,-25.5,0,1,Severe,Rice,3165.2,3321.0,-4.92,FALSE,FALSE,TRUE,FALSE,INCONSISTENT
Heggadadevankote (Mysuru),Mysuru,Heggadadevankote,11.9167,76.3333,2024-06-24,2024-08-16,2024-09-12,Kharif,2024,0.4497,0.6992,0.2495,-0.4125,-0.6232,73.04,28.27,-6.97,-13.6,,,0,571.9,509.97,-12.14,0,1,Moderate,Rice,3165.2,3321.0,-4.92,FALSE,FALSE,TRUE,FALSE,INCONSISTENT
Maddur (Mandya),Mandya,Maddur,12.5833,77.05,2024-07-02,2024-08-24,2024-09-20,Kharif,2024,0.0463,0.4045,0.3582,-0.0434,-0.3887,100.0,28.54,-7.91,-14.71,,,0,448.6,313.95,-42.89,0,1,Severe,Rice,3165.2,3192.0,-0.85,FALSE,FALSE,TRUE,FALSE,INCONSISTENT
Malavalli (Mandya),Mandya,Malavalli,12.3867,77.0567,2024-07-05,2024-08-28,2024-09-24,Kharif,2024,0.0488,0.1824,0.1336,-0.0485,-0.156,100.0,97.88,-6.64,-14.24,-7.06,-14.72,0,382.3,314.14,-21.7,0,1,Severe,Rice,3165.2,3192.0,-0.85,FALSE,FALSE,TRUE,FALSE,INCONSISTENT
Pandavapura (Mandya),Mandya,Pandavapura,12.4933,76.6667,2024-06-28,2024-08-21,2024-09-17,Kharif,2024,0.1436,0.4896,0.346,-0.1309,-0.4573,100.0,36.3,-8.09,-15.1,,,0,402.3,301.03,-33.64,0,1,Severe,Rice,3165.2,3192.0,-0.85,FALSE,FALSE,TRUE,FALSE,INCONSISTENT
Krishnarajpet (Mandya),Mandya,Krishnarajpet,12.66,76.49,2024-06-30,2024-08-22,2024-09-18,Kharif,2024,0.294,0.4355,0.1415,-0.2679,-0.4299,96.32,0.86,-5.33,-14.1,,,0,461.0,375.67,-22.71,0,1,Severe,Rice,3165.2,3192.0,-0.85,FALSE,FALSE,TRUE,FALSE,INCONSISTENT
Kollegal (Chamarajanagar),Chamarajanagar,Kollegal,12.155,77.1183,2024-07-06,2024-08-30,2024-09-26,Kharif,2024,0.0611,0.3899,0.3288,-0.06,-0.3434,100.0,0.0,-6.91,-15.94,,,0,377.8,305.17,-23.8,0,1,Severe,Rice,3165.2,3310.0,-4.57,FALSE,FALSE,TRUE,FALSE,INCONSISTENT
Gundlupet (Chamarajanagar),Chamarajanagar,Gundlupet,11.8,76.6833,2024-06-26,2024-08-19,2024-09-15,Kharif,2024,0.0414,0.397,0.3556,-0.0417,-0.3915,100.0,55.06,-7.05,-14.22,-8.33,-15.34,0,411.3,337.85,-21.74,0,1,Severe,Rice,3165.2,3310.0,-4.57,FALSE,FALSE,TRUE,FALSE,INCONSISTENT
Channarayapatna (Hassan),Hassan,Channarayapatna,12.9033,76.39,2024-07-01,2024-08-24,2024-09-20,Kharif,2024,0.1222,0.1935,0.0713,-0.1186,-0.2021,100.0,79.34,-4.56,-14.97,-5.38,-15.5,0,395.0,380.66,-3.77,0,1,Severe,Rice,3165.2,3447.0,-8.9,FALSE,FALSE,TRUE,FALSE,INCONSISTENT
Arsikere (Hassan),Hassan,Arsikere,13.3133,76.2567,2024-06-28,2024-08-20,2024-09-16,Kharif,2024,0.0194,0.3404,0.321,-0.0231,-0.348,100.0,11.9,-5.61,-14.55,,,0,533.4,375.87,-41.91,0,1,Severe,Rice,3165.2,3447.0,-8.9,FALSE,FALSE,TRUE,FALSE,INCONSISTENT
Holenarasipura (Hassan),Hassan,Holenarasipura,12.79,76.24,2024-06-26,2024-08-18,2024-09-14,Kharif,2024,0.299,0.278,-0.021,-0.2699,-0.2497,91.31,47.15,-5.7,-15.26,,,0,412.5,408.55,-0.97,0,1,Severe,Rice,3165.2,3447.0,-8.9,FALSE,FALSE,TRUE,FALSE,INCONSISTENT
Kadur (Chikkamagaluru),Chikkamagaluru,Kadur,13.55,76.01,2024-06-25,2024-08-17,2024-09-12,Kharif,2024,0.0128,0.2132,0.2004,-0.0072,-0.2261,100.0,84.77,-5.87,-15.04,-6.07,-15.13,0,461.0,412.59,-11.73,0,1,Severe,Rice,3165.2,2748.0,13.18,FALSE,FALSE,TRUE,FALSE,INCONSISTENT
Tarikere (Chikkamagaluru),Chikkamagaluru,Tarikere,13.7167,75.8167,2024-06-22,2024-08-15,2024-09-10,Kharif,2024,0.0977,0.3456,0.2479,-0.0638,-0.2484,100.0,38.62,-9.83,-17.21,,,0,635.6,485.14,-31.01,0,1,Severe,Rice,3165.2,2748.0,13.18,FALSE,FALSE,TRUE,FALSE,INCONSISTENT
Gauribidanur (Chikkaballapur),Chikkaballapur,Gauribidanur,13.6117,77.5183,2024-07-04,2024-08-27,2024-09-22,Kharif,2024,0.0103,0.311,0.3007,0.0368,-0.3368,100.0,2.56,-5.07,-14.6,,,0,487.6,326.63,-49.28,0,1,Severe,Rice,3165.2,2880.0,9.01,FALSE,FALSE,TRUE,FALSE,INCONSISTENT
